名稱,經度,緯度
G2 commercial 測試站,121.359698,25.045013
青蔦菓子咖啡充電站,121.152876,22.755083
馬桶有魚民宿充電站,121.140809,22.742985
來就發彩卷行充電站,121.151806,22.752452
45號碼頭充電站,119.574553,23.572389
松山Citylink門市,121.579231,25.049624
土城裕民門市,121.452618,24.985498
新莊幸福門市,121.4466685,25.0493191
桃園中正門市,121.312888,24.991212
台中三民門市,120.684927,24.151306
永康中華門市,120.235488,23.003016
高雄中山門市,120.3012478,22.6241974
內湖Citylink門市,121.594264,25.084031
豐原中正門市,120.721852,24.253551
竹東長春服務中心,121.089395,24.736103
汐止大同服務中心,121.655076,25.066591
楊梅騏轟服務中心,121.174083,24.911261
中和中原服務中心,121.49109,25.007936
三民鼎強服務中心,120.320886,22.665515
信義松仁服務中心,121.568228,25.028092
北屯文心服務中心,120.694946,24.171483
竹北成功服務中心,121.019858,24.817287
台南裕農服務中心,120.246207,22.990259
北區小東服務中心,120.228633,22.999981
龜山文化服務中心,121.361245,25.052988
內湖西湖服務中心,121.571906,25.082407
中山松江服務中心,121.533016,25.067187
新生市民服務中心,121.531539,25.047252
三重光復服務中心,121.471839,25.05385
中壢龍岡服務中心,121.224453,24.94971
東區民權服務中心,120.97652,24.806505
桃園永安服務中心,121.302863,24.998383
光華八德門市,121.53126,25.044132
松山饒河門市,121.5751152,25.0498814
圓山承德門市,121.51874,25.070867
師大和平門市,121.529318,25.02712
板橋館前門市,121.4603758,25.0070782
永和中正門市,121.5162996,24.9979853
桃園八德門市,121.2975593,24.9493347
桃園藝文門市,121.305117,25.01434
中壢復興門市,121.225055,24.956334
新竹北大門市,120.96219,24.805765
台南公園門市,120.205517,22.994531
鳳山青年門市,120.350851,22.639587
左營博愛門市,120.303737,22.6696
高雄岡山門市,120.296408,22.790233
板橋廣權交車中心,121.460497,24.990911
台中站前交車中心,120.686887,24.138265
高雄中正交車中心,120.312073,22.630904
北桃永安交車中心,121.290919,25.007842
新竹林森服務中心,120.964368,24.799004
新店北新服務中心,121.540723,24.985133
內湖民權服務中心,121.608623,25.07045
新莊中正服務中心,121.461918,25.039618
蘆洲三民服務中心,121.470737,25.087791
土城明德服務中心,121.449554,24.982311
桃園復興服務中心,121.318492,24.991084
台中柳川服務中心,120.68143,24.155019
豐原中山服務中心,120.713265,24.2518
永康中山南服務中心,120.25417,23.024788
高雄五甲服務中心,120.32691,22.592607
高雄中正服務中心,120.312073,22.630904
三重集成服務中心,121.489388,25.052408
竹北中正東門市,121.015317,24.835261
彰化中山門市,120.544071,24.076766
嘉義興業東門市,120.454721,23.4693
樹林三俊門市,121.422551,25.014216
屏東公園門市,120.490622,22.674148
東區崇德門市,120.227298,22.971725
三民建工門市,120.328235,22.652214
小港漢民門市,120.356472,22.567312
安平中華門市,120.186592,22.988245
楠梓益群門市,120.296921,22.725124
仁武仁雄門市,120.349494,22.680051
安南安和門市,120.214191,23.029323
宜蘭中山門市,121.752543,24.754185
中和員山門市,121.481198,25.002994
文山木新門市,121.560216,24.98153
三重集賢門市,121.484372,25.088425
天母忠誠門市,121.52853,25.105171
台南新營門市,120.312857,23.310799
花蓮中華門市,121.6002447,23.9753117
屏東潮州門市,120.537443,22.549765
新店民權門市,121.534201,24.982985
苓雅三多門市,120.330511,22.622389
太平樹德門市,120.713118,24.159809
鳳山五甲門市,120.356746,22.620792
三峽復興門市,121.373507,24.937235
南區建成門市,120.674803,24.126282
員林中山門市,120.568526,23.954643
斗六明德北門市,120.5351,23.715108
鼓山青海門市,120.289013,22.651196
三民九如二門市,120.303933,22.641354
中壢環中東門市,121.255206,24.962569
北區中清服務中心,120.675482,24.160952
北屯中清門市,120.665911,24.183112
草屯太平門市,120.6832,23.971204
泰山明志門市,121.425087,25.042055
東港光復門市,120.45853,22.470206
朴子山通門市,120.241738,23.464199
善化大成門市,120.298407,23.129779
羅東中正門市,121.771718,24.677084
基隆義一門市,121.74671,25.134767
淡水鼻頭門市,121.447322,25.167226
馬公同和門市,119.571722,23.567429
新豐學府門市,120.998183,24.873304
台東新生門市,121.144926,22.755202
東勢豐勢服務中心,120.829743,24.252821
虎尾光復門市,120.433844,23.711222
桃園三民服務中心,121.307652,24.983596
平鎮中豐服務中心,121.216753,24.943087
屏東和平服務中心,120.477539,22.679892
南屯五權西門市,120.646154,24.139977
板橋民生門市,121.466962,25.026004
新竹東勝門市,120.987642,24.803613
鹿港民族門市,120.436264,24.055613
士林承德服務中心,121.517426,25.090281
板橋南雅西服務中心,121.451667,25.014744
沙鹿中山門市,120.561145,24.241718
台南文賢服務中心,120.193706,23.005999
新莊民安門市,121.424899,25.023792
西屯甘肅服務中心,120.655929,24.171466
南屯大墩十四服務中心,120.645495,24.152577
佳里義民門市,120.175422,23.16147
大雅學府門市,120.650143,24.220179
歸仁中山門市,120.28044,22.968195
頭份自強門市,120.905386,24.686911
新竹關新服務中心,121.020019,24.787948
龍潭中正門市,121.21806,24.861686
鳳山中山西服務中心,120.345273,22.628282
左營自由四服務中心,120.317877,22.686938
新莊仁愛服務中心,121.444362,25.036612
桃園文中服務中心,121.27722,24.993455
台中中港門市,120.619412,24.180804
大寮鳳林三門市,120.396296,22.603896
西屯福星北服務中心,120.644497,24.183862
北投文林北服務中心,121.51404,25.108484
蘆竹南崁服務中心,121.289097,25.051326
板橋萬板服務中心,121.47039,25.020988
永康永大服務中心,120.261371,23.006379
新莊中華服務中心,121.452239,25.052684
台中公益門市,120.66059,24.15066
大安潮州服務中心,121.524982,25.028981
永和成功服務中心,121.526395,24.997133
三重福德北門市,121.502162,25.064426
大里中興門市,120.68834,24.10267
屏東民族門市,120.485306,22.670597
啄木鳥藥局屏東店站(多站),120.498383,22.66709
7-ELEVEN 仁伯店站,120.255538,22.948681
中油台糖三股加油站,120.131288,23.102831
全聯台中文心店站,120.656686,24.166376
臺中市龍泉市場站(多站),120.54729,24.19306
全家新竹濱海店站,120.922549,24.813135
全家桃園愛國店站(多站),121.316731,24.985957
新北市鴨母港平面停車場站(多站),121.4558,25.082565
全聯楠梓興楠店站(多站),120.333045,22.730116
台南市北區文賢路365巷停車場站(多站),120.193204,23.007961
中油順天加油站,120.61745,24.342072
臺南萬昌街停車場站(多站),120.210436,22.991158
中油興榮加油站,121.264524,24.902853
中油長治加油站,120.538653,22.692277
中油富里加油站,121.252477,23.182963
全聯台中健行店站,120.679821,24.159041
臺中市惠順停車場站(多站),120.63918,24.164683
中油台糖潭頂加油站,120.318032,23.076168
全家新店城泰店站,121.485745,24.951457
HiLife 中壢壢榮店站(多站),121.26022,24.958801
台竣實業站,120.595144,24.170264
全聯龍潭北龍店站(多站),121.211193,24.865344
南港國小地下停車場B1F站,121.61128,25.05649
中油力行加油站(多站),121.29629,24.99868
中華電信平鎮服務中心站(多站),121.219087,24.940893
中油林森路加油站(多站),120.443741,23.480679
7-ELEVEN 興安店站(多站),120.558467,24.233191
全聯台南培安店站(多站),120.213613,23.036345
鳳山福利站(多站),120.373554,22.627485
7-ELEVEN 正旺店站,120.182416,22.933316
中油台糖仁新加油站,120.359301,22.703641
全家林園鑫園店站,120.394762,22.512092
中油六合加油站,121.255071,24.911002
全聯台中惠文店站(多站),120.643215,24.143713
基隆市中正區公所站(多站),121.759345,25.140654
臺中市黎明里活動中心站,120.629619,24.155406
全聯三重力行店站,121.484895,25.068766
全聯高雄鼓山店站(多站),120.28431,22.665183
八百屋八德店站,120.311692,22.63541
新北市民生立體停車場站(多站),121.461877,25.138196
Gogoro 嘉義興業東門市站,120.454614,23.469319
東吳大學城區部站,121.50923,25.037828
中油崁頂加油站(多站),120.520916,22.521373
中油長成加油站,120.955369,24.642766
全聯平鎮和平店站,121.219773,24.946233
台糖大埔美加油站,120.506769,23.60229
家樂福樹林店站,121.421508,24.997036
eReady 大安建國店站,121.53817,25.031119
新北市秀山公園站(多站),121.523578,24.995838
中油萬巒加油站,120.564178,22.57022
管仲停車場站(多站),120.31391,22.60451
吉盛汽車有限公司站,121.552992,25.072548
全家秀水好水店站,120.49815,24.032114
臺中市光大停車場站(多站),120.675822,24.148704
臺南福利站(多站),120.209048,22.998775
臺北市金山公園站(多站),121.525267,25.032032
捷運前鎮高中站旁平面停車場站,120.321877,22.587889
中油豐榮加油站,121.143023,22.739481
全家新莊新市店站,121.46253,25.059909
全聯苑裡世界店站,120.657171,24.439443
星巴克本館店站(多站),120.341469,22.650569
中油宜蘭豐富加油站(多站),121.767686,24.811315
中油智弘加油站,120.689955,24.131734
全聯雲林斗六店站(多站),120.550589,23.703846
HiLife 竹北水岸店站(多站),121.030052,24.804314
台北捷運輔大站(4號出口)A,121.436453,25.033049
岡山福利站(多站),120.28909,22.790308
家樂福斗六店站,120.530646,23.702237
寰縈車業店站,120.705525,24.130532
全鋒大崙加油站,121.16973,24.9928
應安168 桃園場停車場站(多站),121.315583,24.988469
新北市大漢停車場站,121.467472,25.024454
中油沅成加油站,120.554093,22.56125
中油通丞加油站,120.639661,23.833021
7-ELEVEN 新忠貞店站(多站),120.614401,24.242155
臺灣大道市政大樓附屬平面停車場站(惠中路側)A,120.645066,24.161998
全家中壢龍興店站,121.23013,24.942167
中油美林加油站,120.495128,22.882504
全家大里新光店站(多站),120.691908,24.109505
台塑中泰加油站,121.436322,25.057274
可樂車業店站,120.689638,24.114468
新竹竹蓮市場站(多站),120.971723,24.797328
臺中市長青學苑站(多站),120.699756,24.061536
中油北投加油站,121.502393,25.119563
中油頭份工業區加油站,120.895369,24.676638
台塑明月潭加油站,120.380138,22.589401
HiLife 竹北北鮮店站,121.009722,24.834422
中油文中北加油站,121.270507,24.991632
中油連城加油站(多站),121.47334,24.990694
愛買三重店站(多站),121.475951,25.071251
新北市光華段機車場站(多站),121.451706,25.011701
7-ELEVEN 寶斗店站,120.527916,23.878494
中油佳昌加油站,120.352475,23.338674
Gogoro 新莊中華服務中心站,121.452218,25.052653
家樂福成功店站(多站),120.30462,22.60549
Gogoro 高雄大昌門市站(多站),120.331798,22.650102
中油桃園中正加油站,121.294021,25.026758
Gogoro 板橋萬板服務中心站,121.470388,25.020968
富山苗栗中山路停車場站(多站),120.82156,24.560594
全聯埔心東明店站,120.562527,23.954691
新北市臺電公司北部展示館站,121.660089,25.206942
中油高雄林森二路加油站,120.306076,22.623418
臺中市文修停車場站(多站),120.642253,24.185249
7-ELEVEN 鼎東店站(多站),120.467012,22.481113
全聯彰化溪州店站,120.493496,23.849427
全家水上柳子林店站,120.411364,23.430368
中油澳底加油站,121.929041,25.060826
家樂福內壢店站,121.253567,24.971897
臺中市大雅區公所站(多站),120.648217,24.229194
全聯新莊建中店站,121.448167,25.03728
新北市重新橋下機車停車場站,121.485676,25.053659
全聯彰化鹿港店站(多站),120.438271,24.054909
臺中市潮洋臨時停車場站(多站),120.644268,24.178646
普客泰順街第二停車場站(多站),121.531392,25.025003
中油千越東港加油站,120.463994,22.471846
全家永康永明店站,120.262786,23.024407
HiLife 三重重賓店站,121.47053,25.072233
7-ELEVEN 新莊伯店站,121.300245,25.02529
新北市環河公園站(多站),121.451002,25.016546
全聯土庫馬光店站(多站),120.357113,23.704149
中油新庄子加油站,120.983347,24.906904
中油日日春加油站,120.493765,22.768441
新北市介壽公園站(多站),121.463229,25.008661
全聯屏東里港店站,120.498303,22.777675
中油小琉球加油站(多站),120.371936,22.332262
臺中市東區六順多功能活動中心站(多站),120.699655,24.125055
全家研究院店站(多站),121.614998,25.045759
7-ELEVEN 翔發店站(多站),120.486828,22.589078
中油台林加油站,120.456682,23.501014
高雄科學園區管理局站,120.256077,22.830728
台亞林口中山加油站,121.37737,25.083753
Gogoro 台東新生門市站(多站),121.144802,22.75514
聖約翰科技大學站,121.451553,25.225988
新北市永和上林里站(多站),121.52074,25.015314
Gogoro 員林中山門市站,120.568389,23.954694
中油萬丹加油站(多站),120.488713,22.593169
全家羅東北城店站(多站),121.7599,24.677933
中油虎尾加油站,120.446436,23.709054
中油建龍加油站,121.212964,24.888983
中油領航加油站,120.743497,22.024124
臺鐵太原車站(多站),120.699736,24.162687
國立臺灣科技大學站(多站),121.541613,25.011814
PGO 台南南紡店站,120.233988,22.991101
鼎盛十里關新店站(多站),121.01959,24.784924
中油興盛加油站,121.312046,22.987749
中油台糖吉峰加油站,120.716473,24.076835
中油甲南加油站,120.599872,24.309148
中油運河南路加油站,120.295263,22.635276
富山東區高翠路停車場站(多站),120.985239,24.778687
金弘笙新竹竹北店站(多站),121.020501,24.817665
德藝緻台南中西店站(多站),120.187077,23.003429
鳳山區公所站,120.362398,22.627212
中油桂林加油站,120.358425,22.584544
中油仕博加油站,121.223354,25.047212
7-ELEVEN 航福店站,121.293055,25.040261
7-ELEVEN 家和店站,120.576403,23.941078
Gogoro 豐原中山服務中心站,120.715361,24.251841
全家鳥松仁美店站,120.392104,22.65822
台糖中興二加油站,121.119017,22.727476
台灣高鐵嘉義站,120.322607,23.458117
7-ELEVEN 新南王店站,121.113928,22.786586
宏佳騰台北基隆路店站,121.566549,25.044257
臺中市中興嶺停車場站(多站),120.796299,24.204254
HiLife 中縣大甲店站,120.616821,24.349215
中油八德加油站,121.271374,24.933044
全聯鹽埕七賢三店站(多站),120.279752,22.621341
清豐停車場站(多站),120.32729,22.737588
中油育平加油站,120.166575,22.98691
中油中華加油站,120.54614,24.22821
全家台南建平店站,120.181119,22.982904
HiLife 北縣樹俊店站,121.421536,25.014745
中油土牛加油站,120.815766,24.260316
台南市東區德祥街停車場站(多站),120.237151,22.96737
全聯觀音中山店站,121.140719,25.010102
中油民生東路加油站,121.563762,25.059514
蒲園商旅站,121.563424,25.048598
全家新城民益店站,121.613985,24.007066
UNIQLO 蘆洲長榮路店站(多站),121.459562,25.085902
臺中市頂寮社區活動中心站(多站),120.53604,24.264781
全家大里永勝店站(多站),120.675974,24.114709
全聯台南崇明店站,120.2228,22.974818
北基中央路加油站,121.601585,24.003982
全家台南東文店站,120.233251,22.978021
啟聰學校地下停車場B1F站,121.511762,25.074298
中油關原加油站(多站),121.342121,24.184796
臺北市信義廣場站(多站),121.566039,25.033905
全家大里大金店站(多站),120.690631,24.090151
中油竹苗加油站,120.92155,24.71523
HiLife 仁武澄湖店站,120.349522,22.687663
大潤發台東店站,121.106042,22.772639
大潤發鳳山店站,120.355346,22.633626
7-ELEVEN 名言店站,120.349173,22.524527
Gogoro 台南裕農服務中心站,120.246176,22.990364
新北市三重區公所站(多站),121.48878,25.061236
台東好站(多站),121.146998,22.753797
新竹市科學園路停車場站(多站),121.009675,24.786707
814生鮮超市屏東麟洛店站(多站),120.525491,22.649071
Gogoro 三重福德北門市店站(多站),121.502322,25.064445
新北市洲子洋公園站(多站),121.448888,25.095696
龍都新城社區站,121.787516,25.13556
中油朴子山通路加油站,120.25506,23.465617
中油高雄四維三路加油站,120.311845,22.619276
宏佳騰台中豐原店站,120.7123,24.262211
東河鄉農會信用部本會站,121.22894,22.87505
新北市學成公園地下停車場B1F站,121.451304,24.988084
彰化員林轉運站(多站),120.568725,23.962583
Gogoro 東港光復門市站,120.458441,22.470274
家樂福苗栗店站(多站),120.81793,24.57422
全家善化和平店站(多站),120.298095,23.132263
HiLife 台中永太店站,120.682503,24.164963
中油台糖七星加油站,120.723892,24.29796
中油大福加油站,121.814953,24.789906
中油台糖忠勇加油站,120.611815,24.135804
IKEA 內湖店站(多站),121.578313,25.059899
福懋林邊加油站,120.508255,22.44283
中油新崎加油站,121.040601,24.890923
中油美得玉豐加油站,121.323766,23.357894
全家台中睿景店站(多站),120.711821,24.16482
7-ELEVEN 超全店站(多站),120.342402,22.610313
新北市水碓立體停車場站(多站),121.443905,25.178356
麻豆區農會站,120.241092,23.186424
YAMAHA 南投西安店站,120.969434,23.968545
全家高雄心衙店站,120.315877,22.58169
中油高鳳加油站,120.342597,22.628114
全家內埔埔勝店站,120.562725,22.619384
中油十興加油站,121.032684,24.816675
故宮廣場停車場站(多站),121.547971,25.098664
臺北市大同區承德路三段站(多站),121.518626,25.071018
中油西拉雅加油站,120.294915,23.105859
7-ELEVEN 新東專店站,120.249708,22.880454
YAMAHA 三重重安店站,121.493033,25.055845
中油小港加油站,120.343796,22.567978
合作金庫銀行總行站(多站),121.546029,25.049025
台北捷運奇岩站(多站),121.500708,25.126889
新莊頭前運動公園站,121.463632,25.051628
新北市大豐公園附設停車場站(多站),121.535331,24.978878
Gogoro 桃園永安服務中心站,121.30274,24.998611
中油永安加油站(多站),120.242096,22.814379
特力屋屏東店站(多站),120.510095,22.660723
屏東里港郵局站,120.49425,22.772574
中油明星加油站,120.58369,23.99253
桃園市雙嶺停車場站,121.162922,24.960966
中油永康正大加油站,120.225702,23.030388
中華電信大園服務中心站(多站),121.194035,25.064099
中油日祥加油站,120.258316,23.74155
家樂福文心店站(多站),120.646405,24.153916
台糖萬興加油站,120.417559,23.954844
全家新竹遠百店站,120.963895,24.801708
八百屋屏東店站(多站),120.483905,22.687549
中油恩光中清交流道加油站,120.656877,24.20094
全家高雄新勝店站(多站),120.29955,22.668324
中油千越路竹加油站,120.25115,22.88039
HiLife 高市英祥店站,120.325729,22.616754
中油龍壽街加油站,121.267519,24.987289
中油五甲加油站,120.354424,22.618349
中油台中復興路加油站,120.669174,24.128867
中油民德加油站,120.96162,24.85611
合作金庫銀行自強分行站,121.531992,25.052507
宏佳騰彰化員林店站,120.571525,23.96895
金弘笙桃園經國店站(多站),121.301867,25.025591
臺中市東欣停車場站(多站),120.679047,24.153154
中油千越開元加油站,120.22391,23.010171
員林市廣三停車場站(多站),120.567163,23.968809
新北市枋寮公有零售市場站,121.5013,25.00023
全家太平永豐店站,120.711916,24.123392
八百屋保泰店站(多站),120.333817,22.602716
Gogoro 西屯甘肅服務中心站,120.655884,24.171514
全家新城太魯閣店站,121.644155,24.131322
全聯桃園天祥店站(多站),121.303674,25.018815
全聯大溪中正店站,121.288911,24.882347
西歐台北自強加油站,121.564076,25.082611
德昌停車場站(多站),120.317059,22.584016
HiLife 桃縣桃魏店站,121.212407,24.885817
桃園市站前東停車場站,121.21869,25.0121
中油魚池加油站,120.928951,23.902409
中油中興路加油站,120.42837,23.47634
味香山海產店站(多站),120.44761,22.766329
全家板橋正隆店站,121.477154,25.013572
中油台糖南新加油站,120.693005,23.872008
福懋益民加油站,120.517541,24.06157
宜蘭縣五結鄉農會利澤辦事處站,121.821919,24.667267
台北捷運大湖公園站(多站),121.602302,25.083997
車麗屋新竹中華店站,120.991031,24.814029
新北市中誠立體停車場站(多站),121.451561,25.047605
中油美得大學加油站,121.555643,23.896744
臺中市東區泉源里等四里多功能聯合活動中心站(多站),120.694207,24.136534
PGO 大同延平店站,121.511065,25.066665
Gogoro 左營博愛店站(多站),120.303626,22.669637
Gogoro 台南健康店站,120.209983,22.981454
新市區農會站,120.29551,23.079684
台溪里民集會所站(多站),120.957478,24.797188
Gogoro 沙鹿中山門市站,120.561004,24.241308
全聯鹿港彰頂店站(多站),120.480172,24.087042
宏佳騰台南中華店站,120.229333,23.016053
新北市永和國父紀念館站,121.520079,25.008534
全聯朴子四維店站,120.23711,23.461433
臺鐵臺北貨運所楊梅車站後站(多站),121.146065,24.914575
全家竹東新市店站,121.056965,24.769321
A4 新莊副都心站(多站),121.445597,25.05903
新北市中和區景平路站,121.498466,24.999873
中油新埤加油站,120.548482,22.469628
中油茄萣加油站,120.184092,22.906892
中油元井加油站,120.540405,24.210146
太平洋建設德行東路站(多站),121.534334,25.110008
全家台南長順店站,120.204614,23.002342
中油安樂加油站,121.718752,25.12651
全家大里金大發店站,120.706791,24.095186
鹿港鎮北區遊客中心停車場站(多站),120.434945,24.058833
台糖廣興加油站,120.489547,22.693792
全聯台中福星店站,120.644776,24.184507
中油台糖光明加油站,120.449138,23.707705
臺北市網球中心站(多站),121.596994,25.067603
中油台糖大湖加油站,120.248377,22.883668
挪威森林行旅3號館站(多站),120.685896,24.138894
台北捷運新店站(多站),121.537639,24.958688
7-ELEVEN 立東店站,120.234438,22.977225
台灣高鐵桃園站,121.216486,25.01445
全家高雄大坪頂店站,120.381676,22.556231
7-ELEVEN 泰昌店站(多站),121.294872,24.987945
中油赤崁加油站,119.603063,23.667864
山隆大發加油站(多站),120.405537,22.594708
中油平和加油站,120.48218,23.95672
家樂福彰化店站(多站),120.542475,24.094564
新莊鴻寶站(多站),121.465337,25.042181
全家台中金美店站,120.636309,24.141238
新北市十八份坑溪機車停車場站(多站),121.412826,25.031059
中油吳鳳廟加油站,120.538413,23.442402
濱海停車場站(多站),120.269505,22.624185
中油新力加油站,120.223965,22.922265
中油芬園加油站,120.627382,24.018619
中油柑園楊梅加油站,121.150922,24.907244
全家太平光德店站(多站),120.721281,24.10145
全聯嘉義大雅店站,120.46939,23.477525
全家美華店站(多站),121.556154,25.084952
中油永秦加油站,121.448549,25.165842
統冠超市富安店站,121.598229,23.992741
台亞新莊化成路加油站,121.464867,25.060795
臺北市松隆平面停車場站(多站),121.575822,25.04833
7-ELEVEN 上楓樹店站,120.627528,24.118175
HiLife 台中中軍店站,120.71962,24.178299
全聯台中北屯二店站(多站),120.698946,24.175823
喜互惠順安店站(多站),121.761931,24.655222
北投運動中心站,121.509634,25.116175
高雄市文化中心站(多站),120.319454,22.625839
台亞汐止好市多加油站(多站),121.632033,25.05566
全聯小港山明店站(多站),120.365563,22.565797
中油新屋加油站,121.11021,24.970931
7-ELEVEN 協元店站,121.441348,25.174153
新北市環河東路二段站(多站),121.524477,25.009794
中油大度山加油站,120.590698,24.184432
小北百貨新市店站,120.293498,23.075334
中油彰化加油站,120.553863,24.084911
中油中新加油站,121.126583,25.017071
全家蘆竹吉林店站(多站),121.29606,25.05134
全聯鳳山保華一店站,120.346931,22.589357
中油竹塘加油站,120.429197,23.857975
臺中市廣停停車場站(多站),120.666014,24.154776
啄木鳥藥局埔里店站(多站),120.953626,23.969633
台北捷運昆陽站(多站),121.594706,25.050816
喜互惠和平店站,121.766318,24.823656
中油喜樹加油站,120.179956,22.946138
全家林園鳳林店站,120.397856,22.504009
中油永康加油站,120.254909,23.041786
臺中市東峰停車場站(多站),120.684813,24.122169
宏佳騰中壢中山東店站(多站),121.248268,24.944236
台灣高鐵彰化站,120.573226,23.872778
中油頭份加油站,120.912481,24.691012
全聯永靖中山店站,120.545954,23.916888
北基朝陽加油站,121.311041,25.000529
西歐台北士林加油站(多站),121.528397,25.095367
7-ELEVEN 精科店站(多站),120.611003,24.145256
高雄市養工處博愛三路50巷站(多站),120.304291,22.671846
美廉社屏東新園店站,120.458931,22.490996
全聯彰化育英店站,120.573937,23.969345
全家霧峰新六順店站(多站),120.703054,24.070718
中油南強加油站,121.3329,24.99303
7-ELEVEN 柏魁店站(多站),121.368056,25.024967
Gogoro 南屯大墩十四服務中心站,120.64548,24.15247
全家大港店站,121.521491,25.084798
7-ELEVEN 和港店站,120.490086,24.131896
台北捷運明德站(多站),121.519588,25.108937
台亞麟洛交流道加油站,120.533452,22.643214
7-ELEVEN 新石岡店站,120.777115,24.274536
高雄市養工處德民路站(多站),120.293848,22.721682
台北捷運忠義站(多站),121.472615,25.130607
7-ELEVEN 橫溪店站,121.398396,24.935507
全聯台中遊園店站,120.581171,24.174169
全聯關新西店站,121.019732,24.78951
新北市交通公園站(多站),121.538003,24.976983
7-ELEVEN 永在店站,120.654638,24.391794
7-ELEVEN 孔鳳店站,120.371697,22.579074
中油世賢加油站,120.434056,23.460579
南投縣草屯鎮大成街停車場站(多站),120.688045,23.978026
福懋燕巢加油站,120.349922,22.792407
全聯朴子文化店站,120.241413,23.464506
延平北路5段臨時平面停車場站(多站),121.509935,25.078805
中油瑞穗加油站,121.377251,23.493595
台糖萬泰加油站,120.484169,22.589878
桃園市建國一村停車場站(多站),121.324436,24.992034
HiLife 中縣中航店站,120.60144,24.258345
7-ELEVEN 鯤鯓店站,120.184152,22.959167
7-ELEVEN 展穫店站,120.321497,22.879924
中油大村加油站,120.550217,23.991739
中油草溪路加油站,120.67238,23.9586
中油大旺加油站,120.274137,22.969311
全聯台中沙鹿店站,120.559117,24.239538
Gogoro 永和樂華門市站(多站),121.514088,25.010279
新北市清水社區公園站(多站),121.463261,24.984682
臺北市公共運輸處大樓站,121.573623,25.031655
關聖里停車場站(多站),120.241078,22.985607
中油三仙台加油站,121.388368,23.114375
榮星花園地下停車場B1F站,121.538248,25.064194
基隆東岸地下停車場B1F站,121.743701,25.130267
中油重陽路加油站,121.492899,25.071892
Gogoro 樹林三俊門市站,121.422564,25.014202
中油惠暘加油站,121.197925,24.974578
814生鮮超市高雄大社店站(多站),120.343908,22.732159
中油南寮加油站,120.927897,24.845864
臺鐵竹南車站(多站),120.880383,24.687066
板橋第一體育場站(多站),121.467096,25.010119
中油美得潭子加油站,120.702444,24.197028
中油新樹加油站(多站),121.440719,25.033311
福懋新美加油站,120.529247,24.09573
臺北市萬華站前廣場站(多站),121.500275,25.033865
蘭潭國小停14停車場站,120.472786,23.476024
7-ELEVEN 期建店站,120.182161,22.988472
Gogoro 桃園三民服務中心站,121.307576,24.983339
中油竹山延平加油站,120.709679,23.77542
山隆大里加油站(多站),120.684547,24.096565
全家基隆中山店站,121.740529,25.13812
HiLife 高市神農店站(多站),120.391815,22.649519
中油好客加油站,121.07378,24.775366
全家新竹金湖店站(多站),120.967357,24.78286
美廉社新竹崧嶺店站,120.95563,24.79521
7-ELEVEN 金倫店站,120.963694,22.531401
7-ELEVEN 明城店站,120.32192,23.855759
全聯豐原田心店站,120.72107,24.239562
統冠超市慶豐店站(多站),121.569924,23.978401
福懋中壢加油站,121.196617,24.975352
Gogoro 北屯文心服務中心站,120.695002,24.171176
新北市永和仁愛公園站(仁愛路側)C,121.506813,25.00996
順發3C潮州店站,120.540136,22.557923
台糖大林加油站,120.459967,23.59673
全聯台中龍門店站(多站),120.633922,24.162358
全家台南仁德仁紡店站(多站),120.253367,22.963297
中油官田加油站,120.337432,23.179906
7-ELEVEN 和全店站(多站),120.505733,24.114082
全聯淡水中山店站(多站),121.444488,25.184408
中油板和加油站,121.480797,25.009746
PGO 高雄明誠店站,120.314311,22.659934
新北市老街第二停車場站,121.343251,24.949498
PGO 中壢元化店站,121.220304,24.962742
台南市北區北成路38巷停車場站(多站),120.210561,23.018856
全聯平鎮中豐店站,121.210527,24.910752
高雄市養工處民族二路站(多站),120.3133,22.63463
臺鐵臺北貨運所基隆車站,121.737896,25.131071
宏佳騰台南東區店站(多站),120.229819,22.981652
台南市友愛街立體機車停車場站(多站),120.205876,22.991001
Gogoro 左營自由四服務中心站,120.317981,22.68667
車之輪嘉西門市站,120.42866,23.48066
全聯長治潭頭店站,120.525335,22.675655
臺中市文心路辦公園區站(多站),120.648401,24.160122
中油日清加油站,121.06432,24.78783
Gogoro 桃園服務中心站,121.318503,24.990961
全聯頭份中央店站,120.891643,24.694585
桃園市上海停車場站,121.207039,24.913552
全聯清水中興店站(多站),120.574976,24.271924
Gogoro 中壢環西門市店站,121.207197,24.95936
全聯新屋中山店站,121.101065,24.973058
奇美醫院第五停車場站(多站),120.21744,23.019766
新市法庭停車場站(多站),120.290036,23.07332
中油勝中加油站,120.544489,24.02102
中油坤業加油站,121.362999,25.001212
府前停18停車場站,120.18903,22.992178
7-ELEVEN 見晴園店站(多站),121.158163,24.041202
東橋八街停車場站(多站),120.234118,23.020649
新北市養工處淡水濱海路站(多站),121.444336,25.188901
中油光明加油站,120.479941,24.001521
全聯南投學藝店站,120.688614,23.950059
新北市環河公園停車場站,121.450602,25.016546
中油清水加油站,120.578493,24.277794
新北市智興立體停車場站(多站),121.657203,25.064074
7-ELEVEN 港區店站,120.529627,24.253208
全聯彰化伸港店站,120.48681,24.149015
中油台糖建軍加油站,120.360871,22.598052
桃園市大溪區農會站,121.328708,24.831901
全家仁愛賽德克店站,121.086942,24.003633
Gogoro 三民鼎強服務中心站,120.320709,22.665479
全聯神岡五權店站,120.713099,24.258702
全聯桃園大業店站(多站),121.310998,25.017193
全聯蘆竹南竹店站,121.283554,25.039077
新北市台65橋下站,121.442049,25.04497
台灣聯通大順場站(多站),120.327191,22.640504
全家台中萬代福店站(多站),120.679971,24.146474
全聯台中豐樂店站,120.6432,24.133502
HiLife 桃縣桃楚店站,121.258219,25.105567
7-ELEVEN 鹽新店站,120.273603,23.310781
中石化大社廠壘球場站(多站),120.32367,22.733716
光華數位新天地站(多站),121.53169,25.045537
中油武陵加油站,121.284829,24.988293
中油美得新城加油站,121.608803,24.022508
全聯平鎮上海店站(多站),121.2062,24.916094
中油沿海加油站,120.162944,23.610233
台亞仁武加油站(多站),120.340417,22.709696
台糖大進加油站,121.417794,23.653372
全家平鎮富民店站,121.203087,24.952979
臺中市建國公有零售市場站(多站),120.693383,24.133968
車太炫自助洗車宜蘭嵐峰店站(多站),121.753972,24.74245
中油新生北路加油站,121.527967,25.056599
7-ELEVEN 豐收店站(多站),120.461412,23.562027
中油東河加油站,121.299926,22.966054
台中 JMall 商場站(多站),120.616256,24.182875
Gogoro 高雄岡山店站,120.296495,22.789816
大鳥摩哆站,120.623109,24.173656
中油蘆洲加油站,121.473597,25.085095
新北市淺水灣海濱公園站,121.47138,25.252216
Gogoro 仁武仁雄門市站,120.350645,22.680604
全家八德櫻花店站,121.319223,24.949073
璨揚企業站,120.154156,23.041927
7-ELEVEN 和緯店站,120.206329,23.012312
中油勝美加油站,120.50822,24.04635
Gogoro 西屯福星北服務中心站,120.644594,24.183963
7-ELEVEN 觀成店站,121.124185,25.054788
臺中市政府衛生局站(多站),120.714238,24.248109
竹光國民運動中心站(多站),120.95331,24.807285
Gogoro 台南大灣門市站,120.253906,22.999351
中油全鋒台茂加油站,121.27521,25.070848
全聯鳳山經武店站,120.364188,22.64036
台北捷運迴龍站(多站),121.410962,25.021181
中油五分埔加油站,121.095922,24.821191
Gogoro 泰山明志門市站,121.425077,25.041777
Gogoro 屏東和平服務中心站,120.477538,22.679856
中油四海加油站(多站),121.621383,25.055113
全聯嘉義吳鳳店站,120.457221,23.461048
臺北市新生公園停車場站(多站),121.53104,25.068626
中油永交加油站,120.2476,23.042525
宏佳騰北屯中清店站(多站),120.662931,24.187878
7-ELEVEN 逢喜店站,120.640748,24.176012
HiLife 中縣中神店站(多站),120.655581,24.258931
中油來來加油站,120.876316,24.660727
全家大里河堤店站,120.69709,24.100778
HiLife 新竹竹亮店站,120.979972,24.803544
Gogoro 永康中華店站,120.235307,23.003071
中油百祥加油站,120.926565,24.787022
中油福雅加油站,120.628877,24.2053
臺北市公有成德市場站(多站),121.586801,25.046212
第一銀行中山分行站,121.52322,25.056055
TOYOTA 蘇澳保修站,121.832801,24.623626
中油學甲中正路加油站,120.189412,23.244193
HiLife 北縣飛和店站,121.483745,25.011849
7-ELEVEN 伸濱店站,120.486921,24.151623
中油建興加油站,120.615771,24.412217
臺中市廣停130停車場站(多站),120.630032,24.159916
第一銀行草屯分行站,120.684366,23.976607
Gogoro 天母忠誠門市站,121.528455,25.104879
南科創新一館停車場B1F站,120.284606,23.098369
中油獅潭加油站,120.924426,24.546979
Gogoro 豐原中正門市店站,120.721911,24.253142
HiLife 豐原三和店站,120.704364,24.231719
中油正洋加油站,121.61276,24.997894
新竹市中正路226巷路邊停車場站(多站),120.96552,24.8108
7-ELEVEN 彰德店站,120.589611,24.082698
全家楊梅金山店站(多站),121.16225,24.912707
宜蘭礁溪轉運站(多站),121.777652,24.830736
金華屋婚宴會館站(多站),120.682312,24.183726
高雄市仁武區農會大灣分部站(多站),120.341567,22.676891
正一五金行更生店站(多站),121.144105,22.761046
中油廣源加油站,121.076837,24.770682
新北市中正南路橋下停車場站,121.49314,25.060765
WO Hotel 窩飯店站(多站),120.288832,22.630958
明新科技大學站(多站),120.990379,24.864654
中油陞泰加油站,120.709507,23.832968
俥亭停車場義華站,120.342716,22.642395
宏佳騰汐止康寧店站,121.627349,25.06742
中油九如東寧加油站,120.488893,22.720075
迪卡儂台中北屯店站,120.660152,24.19108
統冠超市太昌店站(多站),121.574743,23.991339
愛買豐原店站(多站),120.734851,24.255753
7-ELEVEN 姐妹店站(多站),121.55005,23.953448
Gogoro 五甲服務中心站,120.32698,22.592382
中油縱貫永大加油站,120.257614,22.988174
中油康寧加油站,121.608415,25.071809
中油大灣加油站,120.248888,22.998413
福懋歸仁加油站,120.308245,22.963787
臺南市北區公園路停車場站(多站),120.20966,23.00275
中油國聖加油站,120.569661,24.094802
新北市碧華國民小學地下停車場B1F站,121.48914,25.084437
7-ELEVEN 德緯店站,120.203629,23.014208
臺北市民權公園站(多站),121.558338,25.062066
千葉火鍋大昌店站(多站),120.331612,22.645641
全聯宜蘭健康店站(多站),121.751398,24.747998
814生鮮超市枋寮店站,120.594594,22.367153
Gogoro 三重成功門市站(多站),121.48764,25.05184
7-ELEVEN 濱海店站,121.243208,25.104733
eReady 台中旗艦店站(多站),120.692405,24.161347
全聯屏東林森店站,120.494274,22.668561
全聯小港店北店站(多站),120.351212,22.562672
中油台糖成功加油站,120.305109,22.596899
康是美鳳揚藥局店站(多站),120.35063,22.64083
宜家家居南屯店站,120.642856,24.147611
家樂福便利購桃園文化七店站(多站),121.366802,25.051801
楓康超市青海店站,120.636411,24.176111
全聯新莊龍安店站,121.413277,25.020932
中油八德路加油站,121.723453,25.104102
高雄市旗津復興社區站(多站),120.272907,22.605473
全聯大園和平店站,121.200064,25.061972
車太炫自助洗車竹北嘉興店站,121.033282,24.823609
佳里國小廣停二停車場站,120.172299,23.163047
中油東大加油站,120.601056,24.182703
台亞龍潭交流道加油站,121.220292,24.85517
西歐新竹中華加油站(多站),120.981899,24.808151
摩斯漢堡格致店站(多站),121.546446,25.137979
新北市石碇區公所站,121.658121,24.991437
桃園市楊梅埔心車站後站停車場站,121.182955,24.919665
全聯屏東南州店站,120.511703,22.489626
全聯南投集集店站,120.79372,23.82785
全聯竹山集山店站,120.700597,23.763265
新北市永和國光路站(多站),121.51958,25.008443
Gogoro 蘆洲中原門市店站,121.461656,25.083592
Gogoro 鳳山五甲門市站,120.356744,22.620788
南投縣南投市公所站(多站),120.686976,23.911492
台南市南區萬年三街機車停車場站,120.187187,22.934257
西歐桃園中山加油站,121.26598,24.975859
新北市中和公園站(多站),121.513233,24.999397
全聯台中北屯店站,120.695583,24.167673
新北市三峽國小地下停車場站,121.367467,24.934933
新北市養工處新莊思源路站(多站),121.459658,25.056104
臺中市廣停二停車場站(多站),120.608706,24.106058
新北市六張公園站(多站),121.493912,25.069906
中油蘇澳加油站(多站),121.847155,24.59617
全家沙鹿正英店站(多站),120.580386,24.20982
中油八里加油站,121.42297,25.158857
全聯平鎮環南店站,121.218551,24.940482
7-ELEVEN 聖華店站,120.93236,24.84112
日月亭廣明二站(多站),121.21426,24.95508
全聯白河國泰店站,120.412931,23.348053
eReady 新莊思源店站(多站),121.459666,25.047207
全聯新竹武陵店站,120.967768,24.820544
Gogoro 蘆洲三民服務中心站,121.470657,25.087825
Gogoro 台中公益門市站,120.660591,24.150771
新北市四維公園地下停車場站,121.463922,25.025689
台電楓港服務所站,120.691541,22.190412
臺鐵竹中車站(多站),121.031859,24.781093
中油荒野加油站,121.046966,22.691188
新北市福營休閒廣場站(多站),121.424266,25.023881
中油興化加油站,121.464616,25.044648
中油大城加油站,120.329561,23.86391
Gogoro 中和員山門市站(多站),121.481292,25.003016
新竹士林市場站,120.96016,24.82087
HiLife 中壢桃合店站,121.244508,24.997162
淡江大學五虎崗停車場站(多站),121.453163,25.175233
臺北市金湖路站(多站),121.601101,25.075923
華泰電子EMS站(多站),120.307546,22.721327
全聯永康大橋店站,120.230886,23.021062
中油仁武加油站,120.344502,22.703342
中油美得瑞里加油站,121.376592,23.515231
台南市東區裕文圖書館停車場站,120.245843,22.982203
Gogoro 內湖西湖服務中心站,121.57188,25.082398
7-ELEVEN 宮前店站,120.354365,23.555832
中油明維加油站,120.688876,24.077081
中油鎮江加油站,121.194289,24.921711
HiLife 彰縣彰花店站,120.552303,24.011307
Gogoro 花蓮中華門市站(多站),121.600223,23.975269
7-ELEVEN 宏旺店站(多站),120.688565,23.902807
臺中市中華停車場站(多站),120.677917,24.148566
應安168 永吉場停車場站(多站),121.570325,25.042337
中油茄拔加油站,120.327923,23.144619
家樂福桂林店站(多站),121.505378,25.038158
全家新竹龍山店站,121.012326,24.788816
中油美濃加油站,120.546963,22.894087
新北市中角灣站,121.633296,25.239515
全聯內埔永光店站,120.564469,22.608832
HiLife 烏日成中店站,120.590445,24.113818
全家台南大興店站,120.182912,23.009285
全聯彰化彰安店站,120.534445,24.064469
花蓮國安郵局站(多站),121.603961,23.984192
高雄市都發局鼎金後路站(多站),120.321696,22.673114
家樂福桃園店站,121.306213,25.024363
中油大林中正路加油站,120.461182,23.609991
中油台中中正加油站,120.537737,24.252833
振興公園地下停車場B1F站(多站),121.523261,25.118785
中油梅山加油站,120.545367,23.58987
中油柑園南榮加油站(多站),121.288727,25.057573
中油大潮州加油站,120.516407,22.574498
西湖公園站(多站),121.57061,25.083971
臺北市災害應變中心地下停車場B1F站,121.565942,25.029023
山隆員林加油站(多站),120.566004,23.951055
HiLife 鳳山文東店站(多站),120.368378,22.640711
全家沙鹿金斗店站(多站),120.569034,24.216638
和春技術學院大寮校區站(多站),120.391586,22.634332
楓康超市崇德店站,120.686197,24.191275
7-ELEVEN 誠安店站,121.550004,25.038854
7-ELEVEN 鼎利店站,120.32895,22.96459
中油大立鴻福加油站,118.387991,24.443806
Gogoro 桃園藝文店站,121.305131,25.014391
7-ELEVEN 航發店站,120.650286,24.175841
府前廣場地下停車場B1F站,121.563119,25.036104
中油田中加油站,120.591092,23.849777
全聯八德大湳店站(多站),121.29478,24.961064
Gogoro 板橋南雅西服務中心站,121.451628,25.014535
台北捷運劍南路站(多站),121.55456,25.08464
臺鐵大慶車站(多站),120.647547,24.118577
中油中正三路加油站,120.310532,22.630478
臺中市廣民停車場站(多站),120.673561,24.139147
中油挖仔加油站,120.43538,23.95325
屏東縣大灣路停車場站,120.796424,21.944979
7-ELEVEN 亮亞店站(多站),121.2578,25.020779
中油申昌加油站,120.712752,24.569936
全家路竹竹東店站,120.257211,22.864854
全家新竹中華店站,120.952323,24.756943
山隆林口加油站,121.383464,25.090349
新北市溪美立體停車場站(多站),121.490272,25.078156
全家新健康店站,121.555217,25.053317
7-ELEVEN 明道店站,120.513172,23.869201
長榮崇明停車場站,120.216129,22.982566
HiLife 桃縣桃濱店站,121.030577,24.989052
中油永錡彭厝加油站,121.415669,24.971815
中油潮州加油站,120.54029,22.557001
全家台南三喜店站,120.178386,22.941226
家樂福楠梓店站,120.291102,22.727367
新北市萬板高架橋下停車場站(多站),121.477644,25.025171
臺鐵千甲車站,121.001892,24.807208
新北市鷺江立體停車場站(多站),121.47674,25.086104
臺中市永興停車場站(多站),120.681851,24.165032
中油國賓加油站,120.18869,23.165475
Gogoro 桃園中華門市店站,121.311672,24.991272
中油萬隆加油站,121.539192,25.004494
三重後竹圍親子館站,121.491046,25.072145
新北市慈化公園站(多站),121.488712,25.084536
814生鮮超市龍泉店站(多站),120.600804,22.674976
中油千億加油站,121.197984,24.931689
新北市新店高中地下停車場站(多站),121.534401,24.974688
新北市仁信段平面停車場站(多站),121.495959,25.078995
中油官田工業區加油站,120.322963,23.210508
7-ELEVEN 亮宏店站,120.347648,22.641637
全家土城頂埔店站,121.414774,24.95681
宏佳騰嘉義興業西店站,120.44584,23.468395
全家土城新亞店站,121.433338,24.971136
臺中市東區區公所站(多站),120.703963,24.137038
中油潭子加油站,120.708372,24.231314
中油台糖龍林加油站,120.327562,23.719955
深坑帝品苑前停車場站(多站),121.602151,25.003395
新北市臺北大學特定區停一停車場站(多站),121.378491,24.945283
台亞精武加油站,120.706069,24.148027
花蓮市公所站(多站),121.606733,23.982203
全聯台南裕農店站(多站),120.231162,22.98758
統一速邁樂龍潭二加油站(多站),121.228071,24.872387
宏佳騰新竹北大店站,120.961431,24.805695
中油大埔加油站,121.366463,24.915079
臺北市前港公園站(多站),121.521316,25.084961
全家中壢青埔店站(多站),121.20221,25.00731
全聯嘉義民國店站,120.460929,23.475652
北昌路停車場站(多站),120.37233,22.64624
新北市養工處樹林大安路站(多站),121.422106,24.997698
全家政富店站,121.577154,24.987453
新北市永和仁愛公園站(永平路側)B,121.507917,25.012028
新北市國光公園停車場站(多站),121.453853,25.019846
Global Mall 屏東站(多站),120.49305,22.673036
全聯台南林森店站,120.220789,22.982401
Gogoro 安平中華門市站,120.186714,22.988071
臺北市興隆市場站(多站),121.547342,24.999647
全家霧峰朝科大店站(多站),120.714772,24.074542
中油建工路加油站,120.324561,22.650694
中油豐田加油站,120.540842,22.634658
全聯台南新化店站,120.30702,23.039989
台電土城服務所站(多站),121.439843,24.970886
北基百利瑞光加油站(多站),120.502903,22.691814
中油鹿港中正路加油站,120.441946,24.050184
新北市環河西路二段站(多站),121.510265,25.017351
台北喜來登大飯店站(多站),121.521595,25.044637
耕讀園台中市政店站(多站),120.639992,24.157559
全家太平新豐年店站(多站),120.724601,24.141833
臺中市大墩停車場站(多站),120.648252,24.156259
中油歸仁加油站,120.282746,22.967883
新北市基層選手游泳訓練館站(多站),121.52273,24.998371
台灣表面黏著科技站,121.321589,24.978821
中油大昌八八加油站,121.221707,24.866703
全聯新竹振興店站(多站),120.960809,24.795364
HiLife 竹北皇家店站,121.02618,24.824858
全聯鳳山國泰店站,120.362511,22.614691
中油義和加油站,120.478746,23.775305
新北市後港公園站(多站),121.428456,25.025839
全聯大溪文化店站,121.293515,24.881696
7-ELEVEN 山民店站(多站),121.324254,24.995423
中油中苗加油站,120.821368,24.560281
屏東縣琉球鄉立圖書館站,120.378297,22.34812
中油福樂加油站,120.43618,24.03622
中油金田加油站,120.304551,23.08454
7-ELEVEN 芬農店站,120.627379,24.018041
全家太平新興中店站(多站),120.720918,24.13053
中油安順加油站,120.195624,23.043006
臺北市南港自來水加壓站(多站),121.61638,25.048139
中油初鹿加油站,121.092317,22.853035
Gogoro 台中三民店站,120.684871,24.151344
楓康超市太平店站,120.71048,24.151428
麗車坊內湖旗艦店站(多站),121.57958,25.059463
HiLife 高市藍田店站(多站),120.280502,22.72746
新竹南寮市場站,120.936306,24.841372
中油信義加油站,121.323455,23.325211
全家永康文化店站,120.257934,23.016012
宜蘭縣五結鄉農會站(多站),121.797647,24.685154
桃園市八德國民運動中心站(多站),121.293186,24.960591
中油橋頭加油站,120.307702,22.762285
新北市公兒四站,121.410908,25.156588
全聯田中新福店站,120.587515,23.863562
7-ELEVEN 巨峰店站,120.533386,24.061405
中油新集集加油站,120.772413,23.821959
嘉義市港坪運動公園一停車場站,120.423052,23.476278
全家太平建興店站(多站),120.726768,24.127304
中油枋寮北加油站,120.595983,22.382897
中油崇善加油站,120.229883,22.973078
中油文中南加油站,121.270949,24.992269
中油南鼓山加油站,120.275132,22.622005
第一銀行大稻埕分行站(多站),121.510055,25.055862
台灣柒天精品旅店站(多站),121.491088,25.032185
全家永康鹽洲店站(多站),120.232072,23.042177
7-ELEVEN 南濱店站,121.601341,23.955854
南山人壽新竹科技大樓站,121.004877,24.799743
UNIQLO 彰化中央路店站,120.528268,24.066731
新北市訊塘廣場站(多站),121.395259,25.142856
Gogoro 彰化中山門市站,120.544137,24.076705
Gogoro 汐止大同服務中心站,121.65516,25.066324
全家仁武仁龍店站(多站),120.374365,22.696391
中油瑞豐加油站,120.336488,22.604742
中油白鷺加油站(多站),121.27538,24.95979
中油員林加油站,120.57136,23.971416
家樂福內湖店站,121.575013,25.0605
7-ELEVEN 金大安店站,120.588347,24.34415
中油光美加油站,120.904366,24.738554
Gogoro 竹東長春服務中心站,121.089391,24.736112
中油彰秀加油站,120.50453,24.04086
HiLife 屏東崇朝店站,120.475239,22.687646
新北市成州停車場站,121.447803,25.100646
南投埔里鎮公所站,120.969337,23.966754
新北市永和仁愛公園站(仁愛路側)A,121.506013,25.00996
Gogoro 東區崇德門市站,120.22744,22.971333
中油中華路東加油站,120.226121,22.977093
7-ELEVEN 鄭子寮店站,120.20153,23.01909
中油高楠加油站,120.317252,22.671331
中油臨海工業區加油站,120.370755,22.543015
中油桃園埔心加油站,121.174585,24.911862
中油大同加油站,121.604484,24.67134
中油忠溪加油站,120.485595,23.948246
Gogoro 嘉義中山店站(多站),120.444464,23.479525
7-ELEVEN 速達店站,121.222495,24.984965
新北市野柳地質公園站,121.689941,25.20504
中油群邦加油站,120.54259,23.91019
台北捷運六張犁站(多站),121.553089,25.023707
7-ELEVEN 湳港店站(多站),120.54623,23.917418
全聯岡山岡燕店站(多站),120.306956,22.791352
Gogoro 屏東潮州門市站(多站),120.537457,22.549792
臺中市大地生活廣場站(多站),120.707422,24.183154
中油善化加油站,120.292798,23.132337
中油元斗北斗加油站,120.513988,23.870399
7-ELEVEN 寶豐店站,120.988151,24.768425
中油二水加油站,120.620908,23.805431
全聯台中松五店站,120.713462,24.177069
18事紀館紅樓站(多站),120.322894,22.687801
全聯竹北隘口店站(多站),121.033454,24.803375
全聯羅東光榮店站,121.777907,24.673989
美濃中興路站,120.529578,22.886357
更生保護會基隆路站(多站),121.555313,25.027044
中油五權西路加油站,120.641,24.141609
HiLife 中縣中秋店站,120.549583,24.148489
Gogoro 基隆基金門市站,121.696035,25.156003
中油柑園三峽加油站,121.387626,24.934222
全聯鹿港鹿草店站(多站),120.436666,24.066043
7-ELEVEN 鑫工和店站(多站),120.589751,24.176291
臺中市南區區公所站(多站),120.663283,24.117163
中油鶯桃路加油站,121.340461,24.952924
臺北市玉泉公園站(多站),121.507894,25.049809
中油馬公加油站(多站),119.568292,23.565134
中油昌平路加油站,120.690629,24.170884
高雄創新卓越站,120.32884,22.7508
HiLife 彰化國聖店站,120.569448,24.094589
宏佳騰花蓮國聯店站,121.600827,23.98925
7-ELEVEN 善和店站,120.298122,23.129703
全聯西螺福來店站(多站),120.450393,23.798732
7-ELEVEN 華電店站,121.553581,25.027565
台南市北區北安路一段212巷停車場站(多站),120.208307,23.019032
A21 環北站,121.221041,24.967686
中油中社加油站,120.993262,24.842901
中油光州加油站,120.159819,22.991259
全家平溪十分店站,121.779322,25.044611
鳳頂路停車場站(多站),120.357761,22.590838
全家仁德二空店站(多站),120.227734,22.958014
新北市仁愛立體停車場站,121.471511,25.090698
HiLife 屏東豐光店站,120.50795,22.678431
福懋文心路加油站(多站),120.685877,24.17234
全家高雄美明店站(多站),120.288815,22.665652
7-ELEVEN 福田店站,120.65923,24.1111
中油那拔林加油站,120.336858,23.064158
中油九如加油站,120.488982,22.727922
7-ELEVEN 林田山店站,121.422372,23.713961
新北市瑞芳區立體停車場站,121.809399,25.108127
車麗屋台中崇德店站,120.682585,24.177656
中油軍校路加油站,120.292887,22.708762
全家台中金原店站(多站),120.692277,24.165089
振宇五金鳳山店站,120.355977,22.641974
特力屋高雄鳳山店站(多站),120.342937,22.605747
中華電信內壢服務中心站(多站),121.261672,24.969019
小北百貨新莊中港二店站,121.454762,25.041627
Gogoro 高雄三多門市站,120.30659,22.614778
7-ELEVEN 湖華店站(多站),120.185863,23.003289
PGO 永康中華店站,120.229869,23.015237
大潤發中和景平店B3F站(多站),121.515574,24.99254
7-ELEVEN 祐瑄店站,120.570227,24.24387
全聯台南歸仁店站(多站),120.295943,22.964822
臺中福利站(多站),120.687336,24.142862
全家楊梅瑞溪店站,121.170332,24.907271
全家車城風車店站,120.713596,22.06913
中油嘉義信義路加油站,120.42893,23.46881
建成國中地下停車場B1F站,121.519618,25.050452
7-ELEVEN 岦湖店站,120.906032,24.741642
中油通霄加油站,120.679911,24.493126
全聯仁武八德店站,120.338733,22.685802
中油嘉義中山路加油站,120.459518,23.482253
中油學甲加油站,120.18265,23.229819
臺中市中央公園公51站(多站),120.655118,24.175696
新竹市台鐵新莊車站前停車場站(多站),121.021009,24.788369
龍山里停車場站(多站),120.220082,22.984107
Gogoro 中和華中橋服務中心站(多站),121.496606,25.006323
桃園市復興停車場站(多站),121.251122,24.975097
中油信泰加油站,120.520891,23.442269
桃園市南園停車場站,121.228639,24.971464
臺北市仁愛路林森路口站(多站),121.520866,25.039103
7-ELEVEN 怡平店站(多站),120.178925,22.993943
國立臺北教育大學站(多站),121.546616,25.024132
家樂福南投店站,120.689301,23.905919
中油安定交流道加油站,120.235225,23.113438
峨眉立體停車場B1F站,121.505249,25.044324
中油大翔加油站,120.553893,23.953929
臺中市惠文停車場站(多站),120.644465,24.146987
停9北港路停車場站,120.433551,23.477877
中油古坑加油站,120.560197,23.65044
中油中寮加油站,120.761689,23.88021
臺中市四民仁和人美同榮里聯合活動中心站(多站),120.680654,24.195515
Gogoro 東勢豐勢門市站,120.829737,24.25278
星巴克中正河北店站(多站),120.32389,22.629717
中油民權路加油站,120.313404,22.609831
全聯八德興豐店站(多站),121.288976,24.929646
臺中市社南里活動中心站(多站),120.684652,24.243765
大潤發中壢店站(多站),121.23523,24.955348
中油天滿加油站,121.15283,25.052733
臺中市文中臨時停車場站(多站),120.719526,24.157805
HiLife 桃縣桃正店站,121.195774,25.056578
全聯竹北光明店站(多站),121.025609,24.820981
台糖民族三加油站,120.323873,22.701564
7-ELEVEN 鐵鎮店站,121.230231,25.027522
中油宏福加油站,121.387329,24.933264
新北市建國一路平面停車場站(多站),121.434279,25.024116
全聯台東更生店站(多站),121.130681,22.773233
臺中市精武廣場停車場站(多站),120.686559,24.145789
北基忠義加油站,121.34758,25.012286
新北市大漢橋下機車停車場站(多站),121.460845,25.03795
中油信誠加油站,121.44091,25.081543
中油前鎮漁港油氣加油站,120.318642,22.578522
中油鳳山加油站,120.363349,22.620321
國立中興大學站(多站),120.679082,24.121402
中油上盛加油站,120.557372,22.5946
台鈴工業平鎮廠站,121.198913,24.930229
新北市永和仁愛公園站(仁愛路側)B,121.506413,25.00996
YAMAHA 西區美村店站,120.66171,24.134351
全家台中太陽店站,120.66766,24.16486
桃園市新榮平面停車場站,121.21436,24.944687
臺鐵玉里站,121.311748,23.330953
中油池上加油站,121.212742,23.12088
HiLife 桃縣桃翁店站,121.212399,24.888614
臺北市中山區興安街站(多站),121.540133,25.056206
中油二崙加油站,120.417315,23.773694
中油南靖加油站,120.389446,23.419664
寶熊漁樂碼頭站(多站),120.70593,24.220375
7-ELEVEN 龍樂店站,120.79818,24.609941
中油仁友加油站,120.695428,24.09627
7-ELEVEN 仁善店站,121.279434,24.910535
台南市東區前鋒路停車場站(多站),120.212764,22.992917
臺北市新壽公園站(多站),121.529723,25.063185
新北汐止福安站(多站),121.662436,25.065317
民有市場地下停車場B1F站,121.546754,25.060856
全家斗六斗金店站(多站),120.534544,23.70102
7-ELEVEN 正港店站(多站),120.256475,22.728943
全聯泰山全興店站,121.433825,25.057218
HiLife 台中中都店站,120.59484,24.19072
新北市義學立體停車場站,121.427022,25.049748
麗車坊安南店站(多站),120.217922,23.046136
雅香茶莊站,121.649324,24.947535
湖美街公有停車場站,120.180463,23.001348
全聯彰化延平店站(多站),120.542747,24.062169
全家中壢米干店站(多站),121.254516,24.93061
台中南屯運動中心站(多站),120.637541,24.137722
家樂福愛河店站,120.285723,22.634166
全聯彰化溪湖店站,120.475914,23.963511
HiLife 新北重武店站,121.492722,25.068296
臺中市土庫停車場站(多站),120.65749,24.141334
小北百貨三多店站,120.328157,22.621467
HiLife 桃縣龍吟店站,121.199104,24.848084
新竹國賓大飯店站(多站),120.97782,24.806758
全聯麻豆興中店站,120.259262,23.183574
新北中和環球購物中心B3F站,121.474833,25.008214
宏佳騰中正重慶店站,121.515211,25.030177
全聯彰化自強南店站,120.53032,24.078809
7-ELEVEN 潭厝店站(多站),120.703731,24.201361
榮光停車場站(多站),120.321595,22.68477
中油東港加油站,120.455248,22.471725
HiLife 高縣光明店站,120.420075,22.5909
中油草屯新豐加油站,120.689767,23.999841
新北市海關碼頭對面機車停車場站(多站),121.434842,25.173929
中油大林加油站,120.349751,22.524538
台糖虎山加油站,120.219298,22.946901
中油烏日高鐵加油站,120.624152,24.109233
HiLife 仁德二仁店站,120.225661,22.918866
全家名門店站,121.56801,25.00509
台南市南區大成路一段停車場站(多站),120.200407,22.974872
桃園市廈門街立體停車場站,121.298093,24.995161
山隆蘆竹加油站,121.265221,25.063724
中油建國一路加油站,120.330243,22.632993
中油斗六南環路加油站,120.557314,23.712686
小北百貨沙鹿北勢東店站,120.577689,24.222549
臺北市考選部國家考場站(多站),121.549068,24.98678
新北市中山公園站(多站),121.471333,25.023065
中油烏山頭交流道加油站,120.353667,23.212469
臺鐵潭子車站(多站),120.706134,24.214116
全家高雄崇明店站,120.330386,22.569622
員林市公2三角公園站(多站),120.571045,23.962694
Gogoro 台南新營門市站,120.312768,23.310661
新北市水柳腳立體停車場站,121.710113,24.935566
大寮區公所站(多站),120.395503,22.605393
中油松本加油站,120.813716,24.539697
7-ELEVEN 善營店站,120.313715,23.128238
7-ELEVEN 安安店站(多站),120.133971,23.061261
新北市莊敬立體停車場站(多站),121.473692,25.028516
家樂福三民店2F站,121.563376,25.061727
WorldGym 信義店 Sport 站(多站),121.751174,25.129282
新北市大安高架橋下平面停車場站(多站),121.432675,24.966165
全聯南投水里店站,120.852032,23.807242
臺鐵臺北貨運所樹林車站(多站),121.424694,24.990991
中油大億加油站,120.696815,24.24169
Gogoro 新店民權門市站,121.534204,24.982884
中油車子路加油站(多站),121.504124,24.957271
台南市仁德區保學路停車場站(多站),120.235013,22.919666
中油東勢加油站,120.824105,24.261643
新北市永和823紀念公園站(多站),121.514838,25.002784
中油健康路加油站,120.174351,22.983791
7-ELEVEN 萬鑫店站,121.088215,24.935375
全家台中金頂店站(多站),120.733139,24.170293
全家永康廣興店站,120.27657,23.020547
大社區公所站,120.346743,22.730183
全聯台南和緯店站,120.207622,23.011943
HiLife 南投國姓店站,120.825901,24.023499
新北市浮洲橋下站(機車區)A,121.441359,24.998638
HiLife 屏東好豐年店站,120.506099,22.679109
新北市景新立體停車場B1F站,121.513148,24.98988
814生鮮超市屏東內埔店站(多站),120.570786,22.614747
全聯柳營中山店站,120.320837,23.278939
山隆永發加油站,120.245018,22.792839
奇美實業站,120.243088,22.927446
HiLife 桃縣頂湖店站,121.359936,25.048042
北基雅潭加油站,120.694418,24.215552
中油高鐵加油站,121.217309,25.000451
久井中庄加油站,120.444401,23.423976
中油民雄雙福山加油站,120.437343,23.53123
Gogoro 太平樹德門市站(多站),120.713111,24.159769
7-ELEVEN 鳴人店站,120.485538,24.091727
新北市樹林區公所站(多站),121.424404,24.989855
中油彰工加油站,120.422101,24.075214
臺鐵臺北貨運所南樹林車站(多站),121.409536,24.980542
台電新園服務所站,120.460159,22.541239
全聯烏日長春店站(多站),120.634916,24.107936
中油鎮安加油站,120.624745,24.131616
Gogoro 三重光復服務中心站,121.471956,25.053521
中油一品加油站,120.246795,23.434461
板橋市民廣場地下停車場B1F站,121.465637,25.014036
家樂福中清店站,120.6526,24.2068
大魯閣棒壘球打擊練習場中正館站(多站),121.29363,25.02907
新北市江翠水岸特區停二站(多站),121.472366,25.034876
國立臺北大學臺北校區站(多站),121.542128,25.059419
全家歸仁大順店站(多站),120.287952,22.965249
臺鐵橋頭站(多站),120.310198,22.76096
桃園市中路力行停車場站,121.29221,24.99819
新北市水尾停車場站,121.646641,25.222507
全聯台南育安店站,120.215793,23.047001
全聯台中南興店站,120.704305,24.17435
車太炫自助洗車新北汐止店站,121.65448,25.068936
中油中壢工二加油站,121.246983,24.980036
A3 新北產業園區站(多站),121.459024,25.062153
新北市養工處新莊復興路一段站(多站),121.44677,25.041936
中油泰源加油站,121.286858,23.004132
新北市頂溪國小地下停車場B1F站,121.510774,25.015636
臺中市東區十甲里等三里多功能聯合活動中心站(多站),120.704237,24.141273
全聯屏東崇明店站(多站),120.478221,22.681537
全家瑞芳龍川店站,121.803944,25.108608
享溫馨KTV 台東店站(多站),121.152509,22.757167
台北捷運江子翠站(多站),121.472598,25.029505
全聯高雄鳳林店站,120.396096,22.507977
台北市環保局三張犁分隊部站,121.570756,25.041486
7-ELEVEN 安立店站,120.170009,23.049636
中油南州加油站,120.501593,22.488602
中油泰和加油站,121.644297,25.00898
HiLife 永康巧遇店站,120.255122,23.015158
新北市淡水稽徵所旁機車場站(多站),121.438156,25.17146
中油楠埔加油站,120.73526,23.98297
Gogoro 竹北成功服務中心站(多站),121.019861,24.817222
府前永福停車場站(多站),120.200272,22.989632
全家善化興華店站(多站),120.297629,23.127156
山隆彰化加油站,120.533995,24.053953
全聯永康永大店站,120.260366,23.028514
中油金陵加油站,121.223289,24.940301
中油成功路加油站,120.209382,22.998013
中油鹿谷加油站,120.752416,23.748049
中油台糖中華加油站,120.308152,22.598081
新北市壽德公園站(多站),121.466671,24.994109
新北市湖光市民活動中心站,121.633946,25.068681
臺灣大道市政大樓附屬平面停車場站(惠中路側)B,120.645466,24.161998
全聯大里練武店站,120.727882,24.091271
中油台糖鳳凰加油站,120.71719,24.095053
全聯竹北嘉豐店站(多站),121.036572,24.810694
大同社會住宅站(多站),120.293819,22.627095
臺中市健體中心站(多站),120.700927,24.060097
中油皇家加油站,120.867206,24.706517
中油西定路加油站,121.732912,25.136227
中油嘉保加油站(多站),120.299142,23.459116
全聯台南中華西店站,120.186202,22.982613
國立臺中教育大學站(多站),120.670403,24.144806
中油太麻里加油站,121.00682,22.612863
Gogoro 台北內湖服務中心站,121.608643,25.07039
臺北市華山公園站(多站),121.52772,25.047259
屏東縣潮州日式歷史建築文化園區站(多站),120.54046,22.552364
7-ELEVEN 埞富店站,120.195042,22.975012
中油旗津加油站,120.285037,22.59147
7-ELEVEN 永久店站,120.483146,22.89171
全聯竹北勝利店站,121.025536,24.825092
八卦里停車場站(多站),120.332101,22.682962
福誠停車場站(多站),120.323369,22.593667
中油幼獅加油站,120.64688,24.39659
中油中森加油站,121.759082,24.77991
中油和源加油站,120.849038,24.574175
嘉義市田徑場三停車場站,120.46263,23.470569
中油東進加油站,121.13868,22.982488
小北百貨新莊四維店站,121.423953,25.023526
新北市蘆洲國民運動中心站(多站),121.462069,25.090823
7-ELEVEN 瓏埔店站,120.263524,23.034232
遼寧街機車停車場站(多站),121.542705,25.053583
中油台糖永安加油站,120.24129,23.049397
中油斗南中興路加油站,120.463232,23.677689
台北捷運麟光站(多站),121.558914,25.01827
Gogoro 新竹北大店站,120.962147,24.805842
新北市養工處樹林三多路站(多站),121.414894,25.006804
中油巨大加油站,120.941416,23.955802
新北市廣停七平面停車場站,121.367211,25.071873
中油正塘加油站,120.92719,24.82729
Gogoro 苓雅三多門市站(多站),120.33078,22.622526
高雄市林園停車場站(多站),120.395793,22.502404
全聯竹北中華店站(多站),121.005402,24.843012
台亞承德加油站(多站),121.503688,25.116727
全聯士林中正店站,121.528597,25.09573
全家嘉義布袋上海店站,120.160877,23.378946
Gogoro 板橋民生門市站,121.466921,25.025918
中油台大加油站,121.032016,24.824812
中油鼎山路加油站,120.321817,22.657292
全聯龍井沙田店站(多站),120.548502,24.203421
全家玉井民生店站,120.464793,23.123923
中油新園加油站(多站),120.463395,22.523886
俥亭中華東路停車場站(多站),120.230919,22.982047
新北市合安一路機車停車場站(多站),121.448435,24.998546
全聯官田中山店站,120.313079,23.193024
新北市民樂停車場站(多站),121.483563,25.001612
Gogoro 台中中港門市站(多站),120.619429,24.180489
全家花蓮慈安店站,121.56541,23.996067
臺北市南港區向陽路站(多站),121.595508,25.051932
中油斗六加油站,120.52769,23.70079
全聯台中四平店站,120.681545,24.193067
eMOVING 金城民族店站,118.315634,24.429465
Gogoro 鼓山青海門市站(多站),120.289025,22.65109
Gogoro 新竹東勝門市站(多站),120.989117,24.803282
景美國小地下停車場B1F站,121.540294,24.9885
全聯台中后里店站(多站),120.718117,24.309457
新竹市東大路橋下花園段停車場站(多站),120.97857,24.80356
宏佳騰桃園三民店站(多站),121.309573,24.999663
鴻寶電動車蘆洲三民店站,121.469275,25.088595
全聯永康中華店站(多站),120.230887,23.012833
金山停車場站(多站),120.318761,22.661907
中油加泓加油站,120.243288,23.03525
全聯淡水沙崙店站(多站),121.42221,25.181804
中油鳳松加油站,120.362596,22.637151
中油金泉加油站,121.786558,24.837243
中油東湖加油站,121.612125,25.067589
康是美虎尾藥局店站(多站),120.43066,23.70594
基隆市源遠市場站,121.751653,25.097012
台灣高鐵左營站,120.306186,22.685169
中油通梁加油站,119.562916,23.659261
中油詠安加油站,120.60226,24.31076
新北市停三平面停車場站(多站),121.38921,25.078738
中油新店五城加油站,121.471149,24.940081
統冠超市福興店站,121.561082,23.969882
中華電信新屋服務中心站(多站),121.108975,24.9713
全家杉林農會店站,120.53212,22.96435
台糖民族二加油站,120.325207,22.711866
全聯線西中正店站,120.46194,24.129859
7-ELEVEN 臻愛店站(多站),121.316112,25.00729
中油快速交流道加油站,120.436025,23.435634
全家觀音草漯店站,121.1401,25.045464
高雄市立新興高中站(多站),120.30282,22.62613
新北市停七機車停車場站(多站),121.483716,25.05481
新竹市金山十八街停車場站(多站),121.02511,24.777241
臺中市豐原區公所站(多站),120.718374,24.24195
中油柳橋加油站,120.281161,22.79043
Gogoro 萬華南寧門市站,121.503807,25.035375
全家樹林三德店站,121.412681,25.012874
中油良奇加油站,121.07457,24.75306
Gogoro 三重集賢門市站,121.48404,25.08824
桃園市中路一停車場站,121.290175,25.006915
便利停車場建國站(多站),121.537865,25.053472
中油覺民路加油站,120.334571,22.640441
7-ELEVEN 歡雅店站,120.241721,23.292312
山隆華中加油站,121.498647,25.021848
全家台東新生店站(多站),121.138993,22.760306
Gogoro 基隆義一門市站,121.746746,25.134712
中油百鼎加油站,121.207722,25.06017
家樂褔便利購豐南店站(多站),120.714666,24.239249
全家永和國和店站,121.524758,25.005979
山隆大雅加油站(多站),120.641383,24.229857
全聯永康北灣店站,120.263246,23.016164
台亞汐止大同加油站,121.64765,25.063573
中油加豐加油站,120.546324,24.231642
台糖大發加油站,120.429165,22.592559
中油苗栗豐富加油站,120.830073,24.601626
全家基隆富港店站,121.783701,25.145848
台亞彰化中央路加油站,120.526816,24.068425
福懋水上加油站,120.39336,23.43535
高雄市養工處同盟一路站(多站),120.311114,22.648628
中油三星加油站,121.657552,24.667171
中油虎尾新生路加油站,120.436238,23.707167
天母大葉高島屋百貨公司站(多站),121.53174,25.111278
新北市土城國民運動中心站(多站),121.457384,24.985064
中油社寮加油站,120.7172,23.807027
中油南平路加油站,120.884336,24.677908
中油長源加油站,121.024421,24.848318
中油社頭加油站,120.58357,23.904473
楓康超市三民店站,120.690108,24.158255
桃園市新成立體停車場站(多站),121.146809,24.9119
中油埔鹽加油站,120.460764,24.00451
新北市環翠段停車場站(多站),121.479463,25.035146
中油恆春加油站,120.743601,22.009168
中油積穗加油站,121.483658,25.00524
全聯大雅學府店站,120.650395,24.218666
屏東縣林邊鄉公所站(多站),120.509727,22.431639
中油三灣加油站,120.954683,24.648337
新北市長安市場站(多站),121.461892,25.080913
台北捷運永寧站,121.435547,24.966767
全聯中壢領航店站(多站),121.207509,25.000408
中油燕巢加油站(多站),120.362561,22.787919
全聯吉安自強店站(多站),121.587948,23.981482
臺北市新生北廣場停車場站,121.532354,25.04601
北基新海加油站,121.460224,25.023359
Gogoro 歸仁中山門市站,120.28044,22.96822
全家大園田心店站,121.194925,25.062827
Gogoro 草屯太平門市站,120.68314,23.970945
全聯仁德中清店站(多站),120.256143,22.97347
臺中市社會住宅預定地臨時停車場站(多站),120.724249,24.254953
全家和平農會店站,120.879081,24.17366
7-ELEVEN 雙榮店站,121.179214,24.958938
全家新忠隆店站,121.567279,25.04178
中油土庫加油站,120.393428,23.678779
7-ELEVEN 喬興店站(多站),120.202379,23.117196
中油大里加油站,121.928403,24.971653
中油嘉樂福加油站,121.48547,24.998724
中油山上加油站,120.350875,23.106028
中油永晉加油站,120.398961,22.49563
新竹市湳雅街停車場站(多站),120.97203,24.81872
本原街三段停1停車場站(多站),120.177553,23.053059
中油李斯特加油站,120.460651,23.697177
台北捷運輔大站(3號出口)A,121.436536,25.032529
高雄市梓官區光明路站(多站),120.249831,22.733796
Gogoro 鹿港民族門市站,120.436213,24.0556
中油建德加油站,121.642875,25.008331
全家龜山忠義店站,121.344362,25.003837
車麗屋桃園八德店站,121.300633,24.966243
全家大園都心店站,121.196984,25.064752
Gogoro 大里中興門市站,120.688343,24.102626
福懋彰益加油站,120.509003,24.053465
TR9 關山會館站,121.16877,23.059798
UNIQLO 台中福科路店站(多站),120.626003,24.181864
全家林口文義店站,121.375336,25.082033
中油慶平路加油站,120.173668,22.996833
三義鄉農會站,120.772466,24.414642
台南市安平區育平九街停車場站(多站),120.171359,22.995162
高雄市養工處民生一路站(多站),120.302138,22.626954
臺北市光復民權站(多站),121.55465,25.061077
中油大甲加油站,120.632163,24.355022
三重國民運動中心站(多站),121.487847,25.054286
林口八德路站,121.363279,25.065898
基隆市中山區公所站(多站),121.729445,25.153132
全家龜山大湖店站(多站),121.357856,25.055976
Gogoro 桃園八德店站(多站),121.297698,24.949452
中油北基后園68號加油站,118.405031,24.43853
新北市金龍公園站(多站),121.631557,25.069218
Gogoro 永康永大服務中心站,120.261567,23.006345
中油宜梧加油站,120.194737,23.549122
中油建國二路加油站,120.310587,22.637703
HiLife 八里聖心店站,121.448198,25.140372
YAMAHA 台南中華店站(多站),120.218314,23.023331
全聯台南開元店站,120.21904,23.006966
中油長安加油站,121.078359,24.885732
山隆草屯加油站,120.679335,23.987096
高雄市區監理所苓雅監理站,120.320595,22.637408
Gogoro 土城裕民門市站(多站),121.453663,24.984303
全聯埔里中正店站(多站),120.96314,23.972309
全家鳳山頂庄店站(多站),120.362662,22.588122
中油府前路加油站,120.190783,22.992069
台灣聯通台南崇明場站(多站),120.216577,22.979817
全聯高雄大寮二店站(多站),120.383815,22.618634
九號倉會館站,120.288303,22.648815
臺中市清水區公所站(多站),120.559556,24.268645
中油左鎮加油站,120.415989,23.060169
桃園市五福停車場站,121.210168,24.959883
Gogoro 大安潮州服務中心站(多站),121.524987,25.02902
中油北興加油站,120.433131,23.491936
中油宜蘭龍潭加油站,121.745382,24.775417
中油后庄加油站,120.892907,24.691831
中油旱溪加油站,120.701994,24.140515
松山區公所站(多站),121.577131,25.049567
中油海寮加油站,120.21043,23.090763
臺北市龍門國中站(多站),121.537959,25.023654
中油石卓加油站,120.689629,23.464569
Gogoro 竹北中正東門市站,121.015323,24.835189
7-ELEVEN 愿景店站(多站),121.373993,25.056844
YAMAHA 基隆中山店站,121.736875,25.13025
中油金嘉旺加油站,120.257918,23.19238
中油山海關加油站,120.886181,22.294549
HiLife 八德桃尊店站,121.290966,24.952818
臺北市台新金控大樓站(多站),121.550074,25.037214
康橋商旅六合夜市七賢館站(多站),120.30093,22.635364
中油壽豐加油站,121.508758,23.867444
臺北市健康公宅站(多站),121.565225,25.054337
北基中和加油站(多站),121.476708,25.005472
台亞新店中興路加油站(多站),121.544407,24.979099
榮譽街停車場站,120.219301,22.977182
中油鼓山三路加油站,120.277161,22.647877
新北市樹林停二平面停車場站(多站),121.382079,24.947436
家樂福便利購竹北福興東店站,121.02822,24.81492
JOS CAFE & WORK 站,121.521246,25.003394
新北市養工處永和永亨路站(多站),121.521207,25.005941
7-ELEVEN 東糖店站(多站),121.126106,22.768996
中油萬年加油站,121.093554,22.801812
全聯善化中山店站(多站),120.304,23.133305
中油竹泰加油站,120.71211,23.808823
中油嘉昕加油站(多站),121.297921,24.941063
麗車坊環中店站(多站),121.228907,24.943765
中油國賓七股加油站,120.13279,23.130828
Gogoro 楊梅中山門市站(多站),121.146683,24.907454
7-ELEVEN 益慶店站(多站),120.418503,22.639582
啄木鳥藥局麻豆店站(多站),120.24719,23.176944
Gogoro 汐止中興門市站,121.631539,25.065811
全聯南投名間店站,120.702504,23.839168
7-ELEVEN 美溪店站(多站),120.481342,23.963417
7-ELEVEN 新台店站,121.450771,25.061964
中油集集加油站,120.775667,23.826231
中油四維三路加油站,120.311445,22.619276
中油觀音三和加油站,121.086378,25.025279
7-ELEVEN 大崙店站,121.181346,24.98811
全聯清水鰲峰店站,120.556702,24.266251
小北百貨新陽明店站,120.341013,22.638442
林仔鐘厝自辦重劃停車場站(多站),120.261583,22.96925
中油松建加油站,120.320007,23.126593
臺中市惠安停車場站(多站),120.642135,24.163786
新北市國慶停車場站(多站),121.463193,24.999956
新北市永和國民運動中心站(多站),121.524109,25.003108
臺中市停六停車場站(大雅區)A,120.666244,24.215976
全家安定善高店站(多站),120.250975,23.124897
中油三多三路加油站,120.305111,22.614723
第一銀行新興分行站(多站),120.301028,22.631035
全聯大溪員林店站,121.283608,24.898445
中油台東富岡加油站,121.176999,22.778543
中油埔里中山路加油站,120.97212,23.968807
全聯林口麗都店站,121.367358,25.070357
全家仁德新德店站(多站),120.258365,22.947259
桃園市正光二街停車場站,121.205404,24.959335
中油台糖崇蘭加油站,120.49055,22.69365
新北市保生路平面停車場站(多站),121.505008,25.012017
高雄市大榮高中站(多站),120.281193,22.653654
中油寶山加油站,120.986505,24.763031
靜宜大學站(多站),120.576623,24.226544
全聯平鎮育達店站,121.206823,24.951348
全聯台中軍功店站(多站),120.719011,24.176361
中油大城太平加油站,120.730599,24.112489
康橋商旅覺民館站(多站),120.336294,22.639547
中油振興路加油站,120.694139,24.13355
中油銅鑼加油站,120.786905,24.487765
啄木鳥藥局大里店站(多站),120.68705,24.097232
苗栗福利站(多站),120.81704,24.54233
高雄市養工處十全一路站(多站),120.305204,22.64533
家樂福北門店站,120.455883,23.489379
高雄市區監理所站,120.317072,22.73115
全家岡山竹圍店站(多站),120.297895,22.797443
全聯竹南光復店站(多站),120.877728,24.688425
全家霧峰中投店站(多站),120.662394,24.071977
家樂福便利購台中南屯店站(多站),120.64833,24.13706
7-ELEVEN 三多利店站,120.490972,22.746501
全家台中龍富二店站(多站),120.626345,24.148893
中油新關加油站,121.04782,24.827346
臺南市善化國小站,120.288948,23.136141
文藻美語土城站,121.465249,24.988665
桃園建國國小站(多站),121.31491,24.98195
桃園市莊敬停車場站,121.257327,24.971788
中油斗煥和昌加油站,120.942603,24.681692
中油新店北新路加油站,121.542045,24.968751
全聯社頭民生店站(多站),120.589124,23.89604
宏佳騰宜蘭復興店站,121.745296,24.74978
中油楓港加油站(多站),120.689346,22.199393
台亞堤頂交流道加油站(多站),121.574901,25.069112
啄木鳥藥局軍輝店站(多站),120.458779,23.45492
中油崙背加油站,120.35905,23.76104
全家霧峰新錦峰店站(多站),120.707369,24.076312
新北市白沙灣遊客中心站,121.522015,25.285653
過港里里民活動中心站(多站),121.738183,25.104883
全家台中培鶯店站(多站),120.741069,24.180103
全聯台南民權店站,120.177677,22.999255
桃園市廣興停車場站,121.284709,24.93626
中油台糖儒林加油站,120.373741,23.902978
全聯苑裡中山店站,120.655051,24.447681
中油豐興加油站,121.09952,24.725214
家樂福經國店站,121.305525,25.016021
中油欣欣加油站(多站),121.517364,24.981669
春光公園地下停車場B1F站,121.581141,25.0425
龍潭區公所站(多站),121.222418,24.870881
臺中市兒童福利服務中心站(多站),120.565618,24.231065
第一銀行北投分行站(多站),121.50229,25.134338
家樂福便利購文山木新店站(多站),121.569088,24.984234
Gogoro 新竹關新服務中心站,121.019534,24.78808
中油台糖來義加油站,120.622761,22.527303
Gogoro 信義信安門市站,121.554854,25.022739
全家永康兵仔市店站,120.236621,23.004203
中油將軍加油站,120.159018,23.204361
全家竹北勝利店站(多站),121.031279,24.825602
陽光市民加油站(多站),121.536869,25.044464
台灣高鐵新竹站,121.03962,24.805301
新北市深坑國小站(多站),121.616164,25.001773
Gogoro 林口仁愛店站(多站),121.375322,25.076039
中油嘉和加油站,120.176335,23.058353
Gogoro 三峽復興門市站,121.373466,24.937192
全聯旗津中洲店站,120.288963,22.58625
新北市寶橋立體停車場站(多站),121.545736,24.974904
台亞土城城林橋加油站(多站),121.434666,24.972113
新科國民運動中心站(多站),121.024164,24.77972
中油西湖加油站,120.7579,24.569235
7-ELEVEN 潮欣店站,120.428868,22.562747
全聯竹北縣政店站,121.018116,24.831764
台中朝馬運動中心站(多站),120.63403,24.167823
EVOASIS 桃園青埔站,121.206545,25.009673
全家桃園莊園店站(多站),121.29,25.021224
小北百貨左營新莊店站(多站),120.297897,22.67245
中油日茂加油站,120.522766,23.949483
全家彰化大村寶山店站(多站),120.582659,23.992828
全家豐原新水源店站(多站),120.745045,24.255146
宏佳騰彰化金馬店站,120.531116,24.075991
台南市北區東興路口站(多站),120.22929,22.99965
臺南環河街停車場站,120.192112,22.993039
臺北市民權東路四段站(多站),121.557486,25.062237
臺北市中山市場站(多站),121.520947,25.050067
中油水美加油站,120.399303,22.658649
中油頭城加油站,121.828366,24.864404
PGO 永和福和店站,121.515361,25.007245
欣桃天然氣站,121.296274,24.992555
中油隆田加油站,120.316097,23.19942
全家八德豐吉店站(多站),121.289841,24.926976
全聯蘆竹光明店站(多站),121.292399,25.039863
中油君朋加油站,121.057363,24.898786
全家旗津天后店站,120.268062,22.611836
eReady 汐止康寧店站,121.631973,25.068303
宏佳騰板橋文化店站(多站),121.464665,25.017929
屏東市國民運動中心站(多站),120.499048,22.677627
享溫馨KTV 五甲店站(多站),120.334778,22.601806
中油內埔加油站,120.557658,22.622541
全聯嘉義仁愛店站,120.442207,23.474598
台北捷運輔大站(4號出口)B,121.436853,25.033049
HiLife 仁武鳳成店站,120.360985,22.671726
新北市中正停車場站,121.503208,25.254489
北基九如路加油站(多站),120.318357,22.640238
新北市西盛公園站(多站),121.427621,25.017581
臺中市育樂停車場站(多站),120.691753,24.157504
全家六龜農會店站,120.635129,22.995242
高原交流道站,121.205304,24.826958
大光郵局站,120.217972,23.012846
中油林內加油站,120.610665,23.752329
安通自辦重劃區停車場站(多站),120.210262,23.031631
橋頭區公所站,120.30575,22.757665
全鋒石門水庫加油站,121.2825,24.85973
中油永成路加油站,120.195822,22.956318
全聯三民金獅湖店站,120.32171,22.662374
賢北街公有路外停車場站,120.183325,23.009258
中油竹林加油站,121.085644,24.764484
耕讀園台中國光店站(多站),120.680841,24.105103
全聯高雄明誠店站,120.324122,22.660007
嘉義縣政府站,120.289044,23.460568
中油宜蘭加油站,121.756584,24.770631
臺南市長勝營區免費公有停車場站(多站),120.303201,23.300456
全家桃園元富店站,121.317997,25.004477
Gogoro 台南公園店站(多站),120.205513,22.994652
台北捷運府中站(多站),121.459951,25.009438
中油福員加油站,120.810514,24.500426
全家新竹金元寶店站(多站),121.02082,24.777064
楓康超市大慶店站,120.653397,24.113382
新北市福壽公園站(多站),121.457705,25.052285
棒球場現有機車停車場站,120.464329,23.480731
新北市環河快速高架橋停車場站(多站),121.503658,25.071473
全家大里善化店站,120.702592,24.098534
政大加油站(多站),121.571019,24.988278
中油九份加油站,121.771898,24.666527
台北捷運輔大站(3號出口)B,121.436936,25.032529
中油褒忠加油站,120.316481,23.70162
全聯佳里仁愛店站(多站),120.176644,23.154619
新光草衙道站(多站),120.328726,22.581873
俥亭停車場高鐵路站,120.31016,22.6875
全家高雄凱歌店站,120.317877,22.636483
太平區農會站(多站),120.714789,24.124673
7-ELEVEN 安興店站,120.265474,23.014348
高雄市興達港立體停車場站,120.194354,22.871867
7-ELEVEN 朱丹灣店站,120.530489,23.715782
Gogoro 北屯中清門市站,120.665892,24.182787
7-ELEVEN 吉峰店站(多站),120.699323,24.068567
全家斗六新中興店站,120.581761,23.723612
Gogoro 朴子山通門市站,120.241535,23.463946
Gogoro 文心崇德門市站,120.68573,24.173576
高雄市養工處海光環保公園站(多站),120.364438,22.634593
中油清境娜嚕灣加油站,121.167411,24.062741
家樂福中正店站(多站),120.228008,23.032391
全聯和美仁昌店站(多站),120.494107,24.106796
南投縣草屯鎮公所站,120.680145,23.973612
米格國際站,121.289083,24.946372
新北市第八平面停車場站,121.414489,24.985971
全家高雄鄭和店站,120.315207,22.606287
中油特新加油站,121.089683,22.812345
中油和興加油站,121.050088,24.910552
臺北市公有環南市場站(多站),121.489204,25.02876
愛來超市高雄大樹店站,120.432042,22.690645
7-ELEVEN 奇蹟店站,120.259372,23.034563
臺北市榮星公園站(多站),121.539824,25.062499
中油泉益大武崙加油站,121.699569,25.14836
臺中市大鵬臨時停車場站(多站),120.665734,24.175641
臺鐵臺北貨運所楊梅車站前站(多站),121.146132,24.913885
桃園市永福停車場站(多站),121.298273,24.962759
全家永康車行店站,120.276144,23.051
中油三多二路加油站,120.327,22.621424
中油港口加油站,121.631429,23.997331
中油萬里加油站,121.687055,25.184555
中油阿里山新加油站,120.792471,23.504323
HiLife 台中愛萊店站,120.658541,24.195213
家樂福便利購左營南屏店站,120.299729,22.668167
全聯大社金龍店站(多站),120.353484,22.724558
喜互惠慈安店站(多站),121.761268,24.759138
中油春日路加油站,121.310283,25.010487
家樂福光華店站(多站),120.317139,22.610579
全聯虎尾中正店站(多站),120.431245,23.707607
高雄市大社區農會站(多站),120.346726,22.729546
中油民安加油站,120.240252,22.95935
中油台糖仁德加油站,120.218726,22.950798
台電鳳山區營業處站(多站),120.349646,22.621943
臺南市下營區下營農會超市站(多站),120.267528,23.237503
中油南崗工業區加油站,120.671945,23.922895
台北捷運淡水站(多站),121.44705,25.166938
中油上豐加油站,120.310731,22.67143
中油永炬加油站,120.882911,24.637463
山隆重慶加油站(多站),121.608269,23.971611
臺北市環山路站(多站),121.566445,25.086316
814生鮮超市屏東潮州店站(多站),120.539582,22.545287
中油中正加油站,120.494808,22.685544
YAMAHA 宜蘭中山店站(多站),121.754109,24.763004
新北市水湳洞遊客中心站,121.861629,25.121676
HiLife 中縣中武店站(多站),120.654965,24.095297
台灣高鐵雲林站,120.415533,23.734516
中油向陽加油站,120.26204,22.745118
中油泉益加油站,121.726058,25.117281
中油佳順加油站,121.268524,24.984178
Gogoro 屏東民族門市站(多站),120.485336,22.670559
HiLife 中縣中連店站,120.64483,24.059221
中油靖海加油站,120.359832,22.730788
全聯台中大昌店站(多站),120.652051,24.141954
台北捷運萬芳社區站(多站),121.567731,24.998737
中油集鹿加油站,120.785279,23.822313
7-ELEVEN 美珍店站,120.291533,22.661042
全家長治交流店站,120.55601,22.696344
宏佳騰沙鹿福德店站(多站),120.567432,24.251657
臺北市安祥公園旁平面停車場站(多站),121.54297,25.034246
全家吉安宜昌店站(多站),121.582443,23.97348
PGO 三重成功店站(多站),121.486974,25.052275
7-ELEVEN 麻學店站,120.220446,23.190672
車麗屋高雄鳳山店站,120.353759,22.616364
彰化市清潔隊站(多站),120.541765,24.067899
台亞經國路一加油站,120.9848,24.81486
全聯楠梓土庫店站,120.329859,22.737719
7-ELEVEN 欣高店站,121.145116,24.916889
中油上順加油站,121.408301,24.959764
旭益汽車百貨草屯店站(多站),120.683315,23.9859
臺北市四維廣場停車場站(多站),121.548145,25.033906
新北市烏來立體停車場站(多站),121.551455,24.866382
全聯鳳山頂豐店站,120.356388,22.585956
新北市央北新村平面停車場站(多站),121.527901,24.977358
7-ELEVEN 福音店站,121.143597,25.041982
全家霧峰九德店站(多站),120.691562,24.066203
全家埔里牛埔店站,120.974373,23.989587
中油台糖月眉加油站,120.696033,24.313138
台北捷運竹圍站(多站),121.459687,25.135983
玉成國小地下停車場B1F站,121.592755,25.053203
台灣聯通日月潭中興場站(多站),120.911443,23.865651
中油台中和平加油站,120.903836,24.169213
全家台南和緯店站,120.195891,23.009742
中油白河中山加油站,120.412031,23.345364
7-ELEVEN 勇伯店站,121.306716,24.969485
台糖六甲加油站,120.277398,22.946757
中油宏益加油站,120.85194,24.03599
福懋中正加油站,120.504505,23.7563
臺北市大龍公園站(多站),121.515863,25.070358
中油長流加油站,120.876568,24.064045
瑞福停車場站(多站),120.33541,22.607753
台南安平港風景區停車場站,120.1604,22.9974
小港區公所站,120.337872,22.565204
台亞文中加油站,121.276943,24.993717
樹林柑園市民活動中心站,121.386239,24.950982
Gogoro 南區建成門市站,120.674835,24.126329
統冠超市國聯店站,121.605082,23.992907
大興公園停車場站(多站),120.192293,23.011465
全聯台中軍太店站,120.715901,24.165354
全家台中新文山店站(多站),120.611885,24.148642
公館水岸新世界機車臨時平面停車場站(多站),121.534087,25.012842
中油健行加油站,121.308669,25.022014
Gogoro 板橋館前店站,121.46037,25.006936
7-ELEVEN 新同安店站(多站),120.188056,23.038808
7-ELEVEN 復中店站(多站),120.310316,22.617665
臺中市東勢區公所站(多站),120.827972,24.258953
新北市養工處三重民生街站(多站),121.489626,25.063675
Gogoro 蘆竹南崁服務中心站,121.289098,25.051317
台南市東區立德停車場站(多站),120.214671,22.976452
臺中草悟廣場站(多站),120.66481,24.149716
全家高雄宏光店站(多站),120.363795,22.568162
新北市忠孝高架橋下重安段停車場站,121.49088,25.057287
家樂福新楠店站(多站),120.330897,22.73614
7-ELEVEN 福上店站,120.659355,24.175474
中油永華路東加油站,120.180856,22.990045
家樂福便利購桃園南平店站,121.301971,25.019705
中油南投成功路加油站,120.6847,23.98884
中油旭昇加油站,121.147642,25.053285
全聯竹北莊敬南店站,121.02002,24.815923
中油大來加油站,120.383057,22.636484
臺中市春安停車場站(多站),120.607513,24.13636
臺中市三塊厝停車場站(多站),120.632649,24.148148
Gogoro 士林承德服務中心站,121.517444,25.090101
福華加油站(多站),121.553904,25.000718
家樂福蘆洲店B1F站,121.486609,25.087527
中油中正四路加油站,120.291287,22.627548
臺中市港區藝術中心站(多站),120.557799,24.269443
台北捷運新北投站(多站),121.501881,25.136804
中油台一加油站,121.012615,23.981295
中油東林加油站,121.364302,24.956807
中油龍東加油站,121.247322,24.915002
全家八德仁興店站(多站),121.288121,24.936646
全家橋頭建樹店站,120.307587,22.763296
全聯大園菓林店站,121.258361,25.075361
7-ELEVEN 榮鑫店站,121.536794,25.065632
Gogoro 光華八德店站,121.531252,25.044102
中油光騏加油站,120.904295,24.738976
7-ELEVEN 金宴店站,121.537998,25.061754
HiLife 蘆洲光榮店站,121.463277,25.088642
千葉火鍋竹北店站(多站),121.029082,24.820443
中油民生路加油站,120.19152,22.99682
全家太平金城店站(多站),120.712989,24.159181
7-ELEVEN 新宏昌店站(多站),120.287675,22.716711
YAMAHA 楊梅文化店站(多站),121.185162,24.916041
全聯虎尾林森店站(多站),120.424594,23.698851
新北市永和區公所站,121.520375,25.008849
台糖大社加油站,120.352556,22.750895
臺中市大甲區長青活動中心站(多站),120.627045,24.340731
全聯花蓮太昌店站(多站),121.578109,23.992068
台糖土庫加油站,120.506437,22.822015
HiLife 高市瑞福店站,120.33551,22.609087
台糖人生加油站,120.276658,23.437806
全聯南投南陽店站(多站),120.681489,23.912494
全聯新埔中正店站,121.082912,24.826864
7-ELEVEN 田正店站(多站),120.524634,23.887352
中油口湖加油站,120.185033,23.581828
台亞板橋信義路加油站(多站),121.460586,24.990566
eReady 台中中清店站,120.677062,24.155975
小北百貨鳳山經武店站,120.364696,22.638567
中油彰水加油站,120.465614,23.905332
台灣聯通士林官邸場站(多站),121.53151,25.095367
中油新竹明湖加油站,120.978409,24.767997
千葉火鍋屏東店站(多站),120.485519,22.683601
7-ELEVEN 大營店站(多站),120.313261,23.09653
檜村里機6臨時停車場站,120.455208,23.489244
臺中市麗園停車場站(多站),120.733442,24.158614
瑞豐停車場站(多站),120.335749,22.606676
全家桃園縣安店站,121.300032,24.996392
家樂福便利購漢口店站(多站),120.680354,24.167216
7-ELEVEN 昇沅店站,120.426025,24.042144
全聯南投草屯店站,120.679846,23.983064
台電永和服務所站,121.520934,25.001743
桃園市宏昌六街停車場站,121.291828,24.98708
新生驛站,121.222804,24.976463
中油迴龍加油站,121.400228,25.016175
中油五股工業區加油站,121.456264,25.064244
全聯台中大坑店站,120.726061,24.17619
福懋南亞加油站(多站),120.376037,23.49749
中油大家加油站,119.583286,23.569504
臺中市外埔區公所旁停車場站(多站),120.654734,24.332264
中油順宇加油站,120.349613,23.216221
中油復興北路加油站,121.544229,25.049405
7-ELEVEN 和峰店站(多站),120.499193,24.106664
中油大嘉好加油站,121.477801,25.259897
中油新市加油站,120.299824,23.073547
鳳山捷運站機車停車場站(多站),120.356273,22.625852
7-ELEVEN 將富店站,120.135354,23.214927
新北市浮洲橋下站(機車區)B,121.441759,24.998638
中油梓官加油站,120.262661,22.760228
愛買復興店站(多站),120.654411,24.11493
臺北市中山公園站(多站),121.558805,25.037804
全家台中太順店站(多站),120.725005,24.158328
高雄市養工處九如一路站(多站),120.323828,22.63962
新北市後港公園地下停車場B1F站,121.42404,25.026007
中油歸仁高鐵加油站,120.277834,22.928959
中油台糖崇德加油站,120.227707,22.964644
中油台中三民路加油站,120.66683,24.12812
台北捷運內湖機廠站,121.617835,25.06172
中油土城加油站,121.440594,24.974409
家樂福中華店站,120.230297,23.008413
中油冬山加油站,121.786942,24.641399
HiLife 林口麗園店站,121.371525,25.069528
臺中市藍興停車場站(多站),120.66887,24.133783
Gogoro 桃園文中服務中心站,121.277317,24.993419
中油文一加油站(多站),121.380542,25.051536
全聯大里益民店站,120.692871,24.107146
中油泰山加油站,121.426882,25.064576
全聯三民大順二店站(多站),120.323002,22.65073
全聯斗南中山店站(多站),120.480416,23.674321
新北市重新機械塔停車場站(多站),121.489843,25.058457
Gogoro 北投文林北門市站(多站),121.514125,25.108432
中油中豐路加油站,120.724327,24.225784
中油華城加油站(多站),121.521892,24.963498
新和社內停一停車場站(多站),120.288138,23.079897
全聯關西北平店站(多站),121.171397,24.794802
7-ELEVEN 九份子店站(多站),120.185051,23.02186
Gogoro 台南新市門市站(多站),120.295165,23.084758
全家斗六保明店站(多站),120.528557,23.705509
士林運動中心站(多站),121.521481,25.08928
Gogoro 北區中清服務中心站,120.675468,24.160652
全聯豐原豐東店站,120.73195,24.25033
臺中市停六停車場站(大雅區)B,120.666644,24.215976
全聯鼓山明誠店站(多站),120.301367,22.661062
台糖豐泰加油站,120.520953,22.708086
宏佳騰士林承德店站,121.523571,25.08281
PGO 台南文賢店站(多站),120.193294,23.016377
Gogoro 中壢環中東門市站,121.255246,24.962406
阿蓮區公所站,120.327218,22.883114
中油復興加油站,121.35403,24.823145
Gogoro 楠梓德惠門市站,120.302689,22.725814
中油台糖公正加油站,120.493781,22.913598
小北百貨高雄中正店站,120.331398,22.628656
中油大園國際二加油站,121.198112,25.071351
中油烏日加油站,120.634136,24.10581
臺北市永吉路120巷平面停車場站(多站),121.569756,25.044365
全聯麥寮橋頭店站,120.273057,23.794078
臺北市蔣渭水紀念公園站(多站),121.516971,25.060042
中油林園加油站,120.395134,22.511827
特力屋高雄大順店站(多站),120.32382,22.631806
中油台糖德隆加油站,120.716887,24.10174
中油金滿益加油站,121.457117,25.164443
Gogoro 馬公同和門市站(多站),119.572122,23.567456
臺鐵彰化車站(多站),120.538159,24.080921
全聯新營金華店站(多站),120.300517,23.30803
桃園大溪低碳轉運站,121.285424,24.883134
Gogoro 台中柳川服務中心站,120.681318,24.155132
車麗屋新北板橋店站(多站),121.469441,25.013778
HiLife 潭子曇晨店站(多站),120.700261,24.211571
台糖平和加油站,121.524632,23.887766
全聯高雄大樹店站(多站),120.417541,22.656857
中油文賢路加油站,120.193452,23.004531
Gogoro 頭份自強門市站,120.905289,24.686668
福懋虎尾加油站,120.425019,23.717177
中油千越鳥松加油站,120.365442,22.653694
全聯麻豆中正店站,120.252575,23.188837
全家大里成功店站(多站),120.703372,24.092044
中和錦和運動公園站(多站),121.490747,24.992733
中油大園民生加油站,121.202301,25.06458
7-ELEVEN 康平店站,120.16821,22.987315
金華郵局站,120.192727,22.981665
7-ELEVEN 鈺英店站,120.618883,24.3543
統冠超市海岸店站,121.592042,23.95363
中油霧峰林森路加油站,120.694823,24.061329
新北市三鶯轉運站北側平面停車場站,121.357513,24.953956
城光重劃停車場站,120.243178,22.976194
HiLife 竹東巨星店站,121.05872,24.76503
中油屏東泰山加油站,120.614965,22.784476
新北市大漢停車場機車區站(多站),121.463381,25.031541
寶雅興楠店站(多站),120.331869,22.728517
桃園市桃園區公所站(多站),121.301246,24.993907
全聯關廟南雄店站,120.32802,22.965986
中油名揚加油站(多站),121.28401,25.01859
台北捷運亞東醫院站(多站),121.452885,24.999719
全家台南府南店站(多站),120.192941,22.971857
全聯斗六西平店站,120.535376,23.712018
中油金樹林加油站,121.414484,24.980203
中油長馨加油站,121.459245,23.324063
中油台中公園路加油站,120.682893,24.146555
宏佳騰苓雅中華店站,120.302045,22.612773
洛陽綜合立體停車場B1F站,121.505002,25.047537
中油員立加油站,120.585696,23.967669
板橋八德公園站,121.476965,25.025483
7-ELEVEN 正大店站,121.475879,25.070634
7-ELEVEN 晨希店站,120.997233,24.866089
Gogoro 永和成功服務中心站(多站),121.526481,24.997085
家樂福便利購永康二王店站,120.24448,23.020141
新北市中興低碳停車場站(多站),121.547295,24.977326
俥亭高雄民生停車場站(多站),120.292356,22.624589
中油民雄加油站,120.433472,23.551
全家大里永興店站,120.687997,24.100389
7-ELEVEN 龍侑店站,121.250121,24.925225
全家高雄明鳳店站,120.336725,22.585882
台北捷運芝山站(多站),121.522685,25.101371
新竹縣北埔鄉公所站(多站),121.056727,24.701879
統一速邁樂華亞加油站(多站),121.376428,25.05428
安富街廣停6停車場站(多站),120.199082,23.027292
安南區自辦重劃廣停1停車場站(多站),120.205965,23.032643
大學路社E2 停車場站,120.216609,22.995596
中油大內加油站,120.354833,23.121129
中油玉里加油站,121.312275,23.333611
臺中市中山地政事務所站(多站),120.673757,24.136714
7-ELEVEN 社和店站,120.808221,24.252364
中油大坪加油站,120.891819,24.614491
臺北市樹德公園站(多站),121.51657,25.067156
孝忠里民活動中心站(多站),121.781191,25.130526
車麗屋彰化金馬店站,120.531923,24.086601
全聯台中永興店站(多站),120.682492,24.165426
中油亮漢白沙屯加油站,120.705136,24.556936
全聯新化忠孝店站,120.300611,23.036851
社子國小地下停車場B1F站,121.502127,25.091367
7-ELEVEN 忠柯店站,121.378877,25.068429
阿毅輪胎鳳山青年店站(多站),120.350474,22.635934
迪卡儂台中南屯店站(多站),120.649932,24.130811
中油大同路加油站,120.213935,22.975234
全聯嘉義民雄店站(多站),120.426492,23.558919
寶雅六甲中正店站(多站),120.351575,23.232305
全聯員林浮圳店站,120.583319,23.967488
7-ELEVEN 福新店站(多站),120.687039,23.968852
中油全通加油站,120.442592,22.715201
全聯彰化福興店站,120.431427,24.050827
7-ELEVEN 星光店站,120.46291,23.794191
全聯蘆竹山腳店站(多站),121.28734,25.08816
家樂福新屏店站(多站),120.48905,22.663359
全聯佳里中山店站,120.177323,23.164411
中油順興加油站,121.036497,24.880017
家樂福嘉義店站,120.431152,23.470922
全家鳥松濱湖店站(多站),120.358363,22.662763
中油台糖國泰加油站,120.353674,22.615387
中油台糖曾文加油站,120.270713,23.164486
7-ELEVEN 真嘉店站(多站),120.475978,23.672497
湖廣停10站停車場站,120.441446,23.450621
中油九曲堂加油站,120.417654,22.642524
中油羅東加油站,121.769263,24.697271
全聯岡山壽華店站,120.292002,22.800159
中油台糖加昌加油站,120.299704,22.715217
7-ELEVEN 宏橋店站,121.026532,24.870261
中油三多加油站,121.415374,25.008859
全聯台東漢陽店站(多站),121.137871,22.741963
中油追分加油站,120.573343,24.119666
7-ELEVEN 立揚店站,121.295373,24.995533
7-ELEVEN 鎮豐店站(多站),121.208209,24.900175
全家新莊龍鳳店站,121.422858,25.028864
嘉義市文化局站(多站),120.451794,23.487879
中油台西加油站,120.20286,23.699045
新北市新埔立體停車場站(多站),121.458061,25.023793
全家竹北新崙店站(多站),120.998646,24.829621
全聯嘉義南京店站,120.436282,23.464524
全家竹東上舜店站,121.056052,24.772233
新北市光明平面停車場站,121.374118,24.930429
新北市龍埔公園平面停車場站(多站),121.374158,24.938514
應安168 福州停車場站(多站),121.514618,25.026534
全家台中金工店站(多站),120.612677,24.171507
大道停6停車場站(多站),120.215819,23.009493
福懋大甲加油站,120.62767,24.35081
臺北市建國北路高架橋下停車場站(多站),121.536697,25.046727
7-ELEVEN 翔盛店站,120.381369,22.658767
加昌駕訓班站(多站),120.311423,22.713983
7-ELEVEN 丹榮店站(多站),120.49194,22.588824
臺中市廣兼停八停車場站(多站),120.705196,24.174317
新北市玫瑰中正路停車場站(多站),121.454511,25.024427
全聯台中大鵬店站(多站),120.663308,24.177976
中油大佳加油站,121.831078,24.613767
中油中工加油站,121.23864,24.965232
中油台糖博學加油站,120.37072,22.563186
中油嘉義忠孝路加油站,120.44109,23.518032
中油玉井加油站,120.465319,23.120863
家樂福鳳山店站,120.347984,22.627902
7-ELEVEN 興達港店站,120.19275,22.874362
全聯新營民生店站,120.307183,23.31157
臺北市樂活公園站(多站),121.618587,25.06844
7-ELEVEN 東馳店站,121.219029,23.12292
中油必勝加油站,120.906892,24.730505
7-ELEVEN 永嘉店站(多站),120.24903,23.01867
中油茄苳加油站,121.269632,24.977043
Gogoro 蘆竹中正門市站,121.292728,25.046538
台北捷運民權西路站(多站),121.519983,25.061228
全家竹南崁頂店站,120.885283,24.690468
中油龍潭交流道加油站,121.217391,24.870976
嘉義福利站(多站),120.462403,23.484121
中油中彰彰興加油站,120.588191,24.091605
HiLife 鳳山鳳頂店站,120.366166,22.588277
CITYLINK 內湖店站(多站),121.59399,25.08462
家樂福中原店B2F站,121.231388,24.962454
台北捷運士林站(多站),121.526304,25.092362
全家東港東光店站(多站),120.459232,22.467423
花蓮醫院站(多站),121.61132,23.979628
統冠超市府前店站,121.619273,24.004064
全家頭份田寮店站,120.88222,24.682551
全聯台中建國南店站(多站),120.658105,24.124761
新莊運動中心站(多站),121.449293,25.039681
全聯前鎮和誠店站,120.321422,22.579013
家樂福安平店站(多站),120.187136,22.988416
HiLife 竹縣東光店站,121.028468,24.869726
全家台東大竹店站,120.943541,22.454968
順發3C新竹店站,121.001516,24.793641
嘉義市中央廣場站(多站),120.449402,23.481125
新北市捷運環狀線A區停車場站(多站),121.519198,24.991508
中油岡山交流道加油站,120.317019,22.787108
中油林森二路加油站(多站),120.305676,22.623418
勝利加油站(多站),121.537682,25.030964
Gogoro 中山松江服務中心站,121.533086,25.066903
山隆鶯歌加油站(多站),121.336648,24.971653
中油新南投交流道加油站,120.68451,23.91764
臺中市建成停車場站(多站),120.699116,24.155028
大魯閣棒壘球打擊練習場中壢館站(多站),121.249674,24.957432
新北市雙溪低碳鐵馬驛站,121.866403,25.038991
中油豐濱加油站,121.520327,23.602346
中油南庄加油站,121.001593,24.605764
全聯新竹大庄店站(多站),120.92808,24.792318
全聯中壢普忠店站,121.256297,24.949516
享溫馨KTV 巨蛋店站(多站),120.303008,22.66381
全聯新竹金山店站,121.02001,24.778504
家樂福豐原店站,120.70678,24.25195
星巴克屏東東港店站(多站),120.454939,22.469251
宏佳騰大安和平店站(多站),121.553152,25.020517
Nova 資訊廣場中壢店站,121.215123,24.95571
燕巢區公所站,120.361954,22.787963
新北市蘆洲中山立體停車場站(多站),121.473118,25.083567
中油大益加油站,120.41185,22.548368
HiLife 苗縣頂尖店站,120.925978,24.70636
新北市廣停一平面停車場站(多站),121.372261,25.075485
中油北屯加油站,120.701449,24.179614
臺北植物園站(多站),121.508477,25.030803
山隆高雄加油站,120.37023,22.52982
中油梧棲加油站,120.532083,24.26079
中油前鋒路加油站,120.215415,23.004692
全家高雄德昌店站,120.293879,22.723613
全家竹南環營店站,120.873055,24.682179
家樂福五甲店站,120.336313,22.597134
全聯台中新民店站(多站),120.689623,24.158914
中油楠梓加油站,120.325393,22.719667
7-ELEVEN 宣宏店站(多站),121.764162,24.690715
Gogoro 虎尾光復門市站,120.433871,23.711194
台北捷運復興崗站(多站),121.486349,25.137717
全聯中和新生店站(多站),121.484047,24.99845
Gogoro 彰化中正門市站,120.537293,24.079178
高雄市苓雅區成功一路站(多站),120.297872,22.613204
家樂福花蓮店站(多站),121.610095,24.01566
中油和美加油站,120.502774,24.106851
桃園市僑愛平面停車場站,121.294076,24.921752
中油冠遠加油站,120.66509,23.849342
7-ELEVEN 友樂店站,120.436061,23.537462
全家內門羅漢門店站,120.454139,22.9233
中油屏東交流道加油站,120.505359,22.69519
Gogoro 安南北安店站(多站),120.202787,23.039598
7-ELEVEN 三中店站(多站),120.661351,24.158891
台糖綠揚加油站,120.537533,23.675959
全家鹽埔高朗店站(多站),120.584361,22.739021
臺中市林森停車場站(多站),120.673331,24.134072
仁德116停車場站(多站),120.397822,22.593031
台北捷運石牌站(多站),121.514772,25.115368
7-ELEVEN 淵安店站,120.180916,23.050219
山隆龍興加油站(多站),121.245065,24.944899
中油宏苗加油站,120.79645,24.58748
全家太平普拉斯店站(多站),120.733365,24.154344
寶雅高雄路竹店站(多站),120.26143,22.852894
中油台糖高鐵加油站,120.321494,22.693556
新北市自強公園站(多站),121.470368,24.999806
7-ELEVEN 南門城店站,120.204114,22.983656
中油鳳仁加油站,120.348399,22.69497
HiLife 湖口德成店站,121.04147,24.892803
山隆苓雅加油站(多站),120.33594,22.616498
中油廣進加油站,121.768826,24.724303
7-ELEVEN 景竹店站(多站),121.26069,25.025638
中油員山加油站(多站),121.731057,24.747404
7-ELEVEN 青文店站,120.352379,22.64042
北基世貿加油站(多站),120.61822,24.187084
中油神崗加油站,120.67093,24.25684
全家竹北新華興店站,120.999799,24.837543
中油永錡泰山加油站,121.435248,25.057544
中油台南土庫加油站,120.250259,22.991191
全家大發仁愛店站,120.394738,22.636579
中油台糖成功嶺加油站,120.60723,24.127163
全聯龍潭三林店站,121.230988,24.848274
7-ELEVEN 東泓店站(多站),120.699866,24.127188
UNIQLO 桃園春日路店站(多站),121.306362,25.023602
新北市永和名利橋站(多站),121.50095,25.007849
中油辰鴻加油站,121.009752,24.772095
中油內湖麗山街加油站,121.570914,25.08132
中油新厝高鳳加油站,120.371693,22.577511
華夏科技大學站(多站),121.507926,24.980303
全家永康龍橋店站,120.264658,23.03779
中油新水加油站,121.826966,24.680266
新北市福和國中停車場站,121.522936,25.004817
板橋體育館站(多站),121.456419,25.013029
中油苗交加油站,120.819161,24.528198
台亞大林加油站,120.448038,23.603422
五妃街南側停車場站(多站),120.208775,22.982461
全聯豐原成功店站(多站),120.708785,24.245768
全聯羅東中正店站(多站),121.771759,24.669795
中油復興路加油站,120.487985,22.661074
大潤發台中忠明店站(多站),120.671618,24.163088
正濱海濱聯合里民活動中心站(多站),121.771861,25.151416
7-ELEVEN 海裕店站(多站),120.199681,23.006395
新北市澳底公園地下停車場站,121.925722,25.053533
左營福利站,120.291952,22.690531
山隆軍校加油站(多站),120.268624,22.771236
臺中市潭子區聯合辦公大樓站(多站),120.723014,24.20389
遠傳總部大樓站,121.570202,25.078347
八百屋旗艦自由店站(多站),120.310456,22.67068
中油墾丁加油站,120.7927,21.946029
中華電信桃園服務中心站(多站),121.310081,24.989354
7-ELEVEN 鳳麟店站(多站),120.396496,22.50659
中油明泓加油站,121.138858,25.009785
全聯沙鹿屏西店站(多站),120.570761,24.217631
中油南寮漁港加油站,120.237269,22.764252
全家台中上安店站,120.639909,24.17141
全家台中金太平店站(多站),120.682632,24.148675
Gogoro 龍潭中正門市站(多站),121.217951,24.861472
新北市青山平面停車場站(多站),121.459224,24.978464
千葉火鍋豐原店站(多站),120.726026,24.251638
全家嘉義湖瑞店站(多站),120.443545,23.45575
新化聯合活動中心站,120.306927,23.042164
7-ELEVEN 光園店站,120.694863,24.127367
新北市台65高架橋下停車場站(多站),121.442167,25.049127
Gogoro 饒河服務中心站,121.57504,25.049851
崇明路E6停車場站(多站),120.225613,22.968671
HiLife 台中交轉店站,120.68564,24.141114
北基蘆洲加油站(多站),121.469445,25.077642
7-ELEVEN 東喜店站,121.127153,22.790351
全家高雄重愛店站,120.315791,22.68548
中油屏東大同加油站,120.523414,22.541321
高雄仁壽路郵局站(多站),120.285701,22.785804
中油屏東恆春加油站,120.744001,22.009168
師大校本部站(多站),121.526498,25.026609
嘉義市港坪運動公園二停車場站,120.421775,23.476053
7-ELEVEN 江園店站,121.228615,25.00436
中油台糖新進加油站,120.317539,23.301534
花蓮新城北埔郵局站(多站),121.60389,24.040379
鐵道文化園區二館站(多站),121.610269,23.974407
HiLife 台南南都店站(多站),120.192459,22.966991
中油埔心加油站,120.553746,23.953284
臺中市寶之林廢棄家具再生中心站(多站),120.721668,24.173102
HiLife 桃縣大介店站,121.287896,24.910325
愛買板橋南雅店站(多站),121.456361,25.001697
Gogoro 斗六明德北門市站,120.535096,23.715078
7-ELEVEN 維軒店站,120.59575,22.382439
中油西港加油站,120.204283,23.116232
臺北市建國仁愛路口站(多站),121.538265,25.03947
中油石門加油站,121.561419,25.291225
桃園市忠勇停車場站(多站),121.305559,24.965513
7-ELEVEN 明峰店站(多站),121.628417,25.070012
eReady 台中精武店站(多站),120.692283,24.148017
HiLife 太平光德店站,120.724921,24.108111
台南市永康區復興路停車場站(多站),120.244288,22.998986
全家龍井遊園北店站(多站),120.590654,24.191302
7-ELEVEN 員慶店站,120.600403,23.941926
新興游泳池站(多站),120.310953,22.625525
7-ELEVEN 烏日店站(多站),120.624313,24.104068
全聯楊梅民族店站(多站),121.171776,24.958406
中油中華路西加油站,120.226143,22.977738
宏佳騰高雄民族店站(多站),120.316854,22.668763
崁頂鄉公所站(多站),120.513742,22.514784
臺北市內湖焚化廠站(多站),121.603495,25.062583
7-ELEVEN 欣樂店站(多站),120.985941,24.871887
新北市力行地下停車場B1F站,121.482921,25.077758
迪卡儂新竹店站,121.012791,24.791263
中油東山路加油站,120.728089,24.176918
Gogoro 鳳山青年店站,120.350948,22.639565
A5 泰山站(多站),121.439608,25.052557
家樂福鼎山店站,120.31859,22.652832
中油北關加油站,121.870417,24.905401
HiLife 中縣甲南店站(多站),120.595693,24.301255
宏佳騰南區復興店站(多站),120.650836,24.111791
桃園市文小二停車場站,121.288791,25.000711
新北市永平市場站(多站),121.459304,25.090046
雲林縣環保局站(多站),120.537416,23.707276
全聯虎尾光復店站,120.44463,23.709559
中油北門加油站,120.134118,23.241499
Gogoro 板橋廣權交車中心站,121.460446,24.990996
7-ELEVEN 凱瑄店站(多站),120.474495,23.679346
台南市南區大林路111巷停車場站(多站),120.211886,22.974207
中油汶水加油站,120.873751,24.448162
全家淡水新莊店站(多站),121.454239,25.179852
中油永錡大安加油站,121.411753,24.984016
新北市建國公有停車場站(多站),121.537339,24.986343
家樂福便利購太平環中店站,120.715229,24.149201
中油明德195加油站,120.77195,24.27479
法務部行政執行署臺中分署站(多站),120.665564,24.129433
新北市台北橋下機車停車場站,121.50362,25.064268
新北市三重過圳街20號旁站(多站),121.488577,25.059176
新北市八里區公所站(多站),121.406651,25.15364
HiLife 竹縣富林店站,121.077322,24.77744
中油鳳林加油站,121.446196,23.741298
康是美竹北藥局店站(多站),121.023384,24.813304
高雄市都發局德民路站(多站),120.296849,22.72274
全聯新竹龍山店站(多站),121.010439,24.790623
全聯太平樹德店站,120.71185,24.154161
全聯中壢福州店站,121.232675,24.965527
河濱運動公園西側停車場站,120.461787,23.457619
HiLife 新北三峽店站,121.375026,24.929418
宜蘭福利站(多站),121.772746,24.67879
臺中市停二停車場站(多站),120.649601,24.224511
7-ELEVEN 新凱店站,120.284973,23.077103
中油瑞龍加油站,121.262323,25.116757
鳳山國中機車停車場站(多站),120.37117,22.624563
UNIQLO 高雄九如路店站(多站),120.324777,22.63966
宏佳騰動力科技站,120.346699,23.091235
台糖太康加油站,120.325701,23.291963
中油宏洋加油站,120.463809,22.841112
中油大倫加油站,120.406551,22.632028
北基基金加油站,121.649852,25.209337
7-ELEVEN 祥佑店站(多站),121.293219,25.013328
台南市南區健康路一段133巷停車場站(多站),120.208712,22.977989
中油太魯閣加油站,121.6257,24.151637
Gogoro 烏日三和門市站(多站),120.608806,24.107577
全聯頭份中華店站,120.904167,24.682284
臺北市華江高中站(多站),121.497487,25.029171
全聯三峽北大店站,121.377746,24.947865
全聯花蓮美崙店站(多站),121.626997,23.993138
三民二號公園停車場站(多站),120.295634,22.648422
高雄市養工處民權一路站(多站),120.312835,22.620738
中油吉盛加油站,120.78,24.60141
7-ELEVEN 親旺店站(多站),120.553892,24.132051
坤業莒光路加油站,121.467502,24.993759
全聯彰化進德店站,120.55718,24.084359
中油甲洲加油站,120.343364,22.60294
全聯中和南山店站(多站),121.503892,24.992184
Gogoro 東區民權服務中心站,120.976499,24.806447
第一銀行重慶北路站(多站),121.513387,25.060465
中油崇德路加油站,120.69092,24.2318
台糖北港加油站,120.299535,23.569473
特力屋台中北屯店站(多站),120.697907,24.173278
7-ELEVEN 鹿正店站,120.436642,24.061835
台電潮州服務所站(多站),120.548382,22.551737
新北市養工處永和民權路站(多站),121.520224,24.99878
新北市中和國民運動中心站(多站),121.487056,24.993356
中油汐止加油站,121.640027,25.060231
中油龍崎加油站,120.364708,22.963473
UNIQLO 永康永大路店站(多站),120.260253,23.031169
台南永華市政中心站,120.184506,22.991409
全家卓蘭水梨店站,120.825959,24.311028
臺中市中央公園公138站,120.649587,24.195151
HiLife 台中中宏店站(多站),120.618366,24.18806
中油華碩加油站,121.279085,24.995078
大東夜市機車停車場站(多站),120.218415,22.982656
eReady 中壢延平店站(多站),121.225486,24.960355
臺中市同心停車場站(多站),120.637745,24.178953
中油雅虎加油站,120.523841,23.726775
中油中正二路加油站,120.317136,22.630562
Gogoro 信義松仁服務中心站,121.568232,25.028077
樹林三多市民活動中心站,121.404364,25.016554
順發3C草屯店站(多站),120.687662,23.988084
中油秀林和平加油站,121.743762,24.316886
UNIQLO 八德介壽路店站(多站),121.30185,24.967596
全家龜山大傳店站(多站),121.344425,24.990187
7-ELEVEN 圓通南店站,120.703273,24.207071
臺中市東山停車場站(多站),120.733686,24.17618
中油美得吉豐加油站,121.581538,23.964154
中油鶯歌加油站,121.351827,24.950419
全家高雄藍天店站,120.291355,22.722828
中油將軍交流道加油站,120.109635,23.214776
全家竹北金十興店站,121.034302,24.824551
中油壯圍加油站(多站),121.782487,24.747392
全聯旗山中華店站,120.483728,22.880084
新北市文化機車立體停車場站,121.43866,25.172735
新竹市新莊停車場站(多站),121.016083,24.787703
中油明華加油站,120.446704,23.603868
中油大溪加油站,121.279401,24.88568
全家新莊福前店站,121.463781,25.054578
建成公園地下停車場B1F站,121.518199,25.053939
宜舍土城金城站,121.452947,24.979824
全家高雄鼓山店站,120.28236,22.632685
7-ELEVEN 成豐店站,121.227482,24.960544
中油海濱加油站,121.82878,25.121158
中油興達港加油站,120.221475,22.876899
中油岡山加油站,120.297625,22.782323
中油頭份蘆竹加油站,120.895753,24.676181
台塑中華太子加油站,120.184496,22.978252
臺鐵臺北貨運所竹北車站,121.009054,24.839193
統一速邁樂國際一加油站(多站),121.290497,24.970546
臺北市國家兩廳院站(多站),121.518244,25.038293
日月亭高雄學府停車場站(多站),120.361214,22.564811
中油忠孝路加油站,120.488337,22.679769
7-ELEVEN 義和店站,120.618307,24.338768
全家高雄翠北店站(多站),120.312513,22.592264
7-ELEVEN 森和店站,120.334665,22.594697
Gogoro 新莊幸福店站,121.448957,25.049251
中油永錡保安加油站,121.421351,24.996032
車麗屋彰化員林店站,120.566528,23.96334
台糖公營學苑站(多站),120.591246,24.183515
中油宜興加油站,120.462878,22.62344
北園路停車場站(多站),120.224622,23.013201
中油奕榮造橋加油站,120.85544,24.630976
Gogoro 平鎮中豐服務中心站,121.216754,24.942834
中油公道五加油站,121.002384,24.801032
禾典溫州停車場站(多站),121.533094,25.022742
中油大關廟加油站,120.320027,22.974575
7-ELEVEN 岩昇店站,121.409844,24.930659
Gogoro 彰化和美門市站,120.497205,24.113627
新北市第七立體停車場站,121.419661,24.990563
Gogoro 小港漢民門市站,120.356395,22.566997
彌陀區公所站,120.250684,22.781443
家樂福新營店站,120.311333,23.319497
臺中市福恩停車場站(多站),120.614631,24.182513
7-ELEVEN 金甲后店站,120.634153,24.344878
全聯后里文明店站,120.72171,24.305321
全聯桃園大有店站(多站),121.316427,25.016209
家樂福青海店站(多站),120.644572,24.170311
新北市民享公園停車場站(多站),121.475868,25.003508
家樂福便利購竹北六家店站,121.025616,24.809706
中油台糖糖友加油站,120.480702,23.952592
路竹天后宮開基廟站(多站),120.260437,22.858837
東木河茶莊站(多站),121.708456,24.934544
中油鹿野加油站,121.137261,22.915922
7-ELEVEN 重和店站(多站),120.314454,22.683011
台北捷運三重國小站,121.496949,25.070731
中油三芝加油站,121.495208,25.259726
仁德郵局站,120.252391,22.969733
7-ELEVEN 上慶BIG7店站,120.540283,23.71265
北基中清交流道加油站,120.649465,24.213653
Gogoro 三民九如二門市站,120.303912,22.641332
高雄市鹽埕停車場站(多站),120.286317,22.624793
新北市綠湖公園停車場站(多站),121.546333,24.979429
新北市鶯歌區公所站(多站),121.354551,24.955925
屏東縣屏東市自由路站,120.491052,22.682937
中油工三加油站,121.370529,25.061458
HiLife 大寮潮龍店站,120.428954,22.565936
實踐大學站(多站),121.545146,25.082978
中油中宏加油站,120.7087,23.97747
全聯台中雅環店站(多站),120.652865,24.22615
Gogoro 師大和平店站(多站),121.530287,25.026766
德昌藥局岡山店站(多站),120.291475,22.79236
中油文化路加油站,120.450169,23.474571
中油高雄全通加油站,120.442623,22.71517
民生路臨時停車場站(多站),120.188322,22.99799
全聯竹北自強店站(多站),121.023522,24.81922
全聯竹南公義店站,120.901483,24.7121
台北捷運丹鳳站,121.423798,25.02946
千葉火鍋苗栗店站(多站),120.81349,24.56704
臺中市中正社區活動中心站(多站),120.526956,24.258306
中油南北通加油站,120.670627,24.201339
全家台南新夏店站,120.195089,22.978014
中油和順加油站,120.218505,23.058102
家樂福便利購屏東自由店站,120.482969,22.683387
中油台南土城加油站,120.134596,23.06842
Gogoro 中壢復興店站,121.224847,24.95636
福懋仁武加油站,120.354333,22.684
臺中市太和停車場站(多站),120.725822,24.163278
全聯佳里安西店站,120.170908,23.164381
中油公學加油站,120.194677,23.079961
北基東宏加油站,121.214283,24.92093
台亞大同路加油站,120.211291,22.982723
全聯楊梅中山店站(多站),121.155217,24.908245
中油二林加油站,120.373275,23.902288
全聯竹南龍山店站,120.867606,24.694077
衛生福利部臺中醫院站(多站),120.676321,24.139701
彰化市公有第一停車場站(多站),120.542377,24.081874
康橋商旅台南赤崁樓館站(多站),120.203929,22.994661
中油前鎮加油站,120.306267,22.591439
永新社區停車場站(多站),120.296103,23.058862
萬華國中地下停車場B1F站,121.499527,25.029184
全家鳳山老爺店站,120.338773,22.596751
中油保來加油站,120.682824,23.097612
7-ELEVEN 漳和店站,121.502442,25.003119
中油台糖鳳仁加油站,120.351262,22.690228
中油坤業大園加油站,121.260005,25.07344
台亞七堵明德加油站(多站),121.710358,25.095821
新北市三峽區公所站(多站),121.369167,24.934082
林口四維公園站(多站),121.381115,25.075328
HiLife 鶯歌東正店站,121.338969,24.94181
中油輝生加油站,120.813154,24.538545
台亞八德交流道加油站,121.319088,24.959815
桃園市巨蛋園區第六停車場站,121.322364,24.995735
台糖柳林加油站,120.419517,23.440985
高雄市養工處廣州三街站(多站),120.319449,22.613268
中油思源加油站,121.395248,25.014648
中油沿海路加油站,120.386173,22.499987
全聯鳳山南和一店站(多站),120.337901,22.59094
林口南勢公園站,121.358604,25.073844
Gogoro 台南文賢服務中心站,120.193619,23.00597
永康立體停車場站(多站),120.237953,23.000716
中油環中加油站(多站),121.246158,24.955485
台電南州服務所站,120.504613,22.487982
中央大學站,121.190932,24.965669
振宇五金鹿港店站(多站),120.440878,24.048364
第一銀行延吉站(多站),121.553632,25.046405
日月亭林口文化站(多站),121.362908,25.060729
YAMAHA 台南月津店站(多站),120.265539,23.313916
中油瑔發加油站,120.421217,22.57978
7-ELEVEN 將軍店站,120.158287,23.197059
Gogoro 新生市民服務中心站(多站),121.531592,25.04682
中油生產路加油站,120.216753,22.964483
USPACE 中油福林停車場站(多站),121.527574,25.092847
中油華中橋加油站,121.496233,25.000293
7-ELEVEN 大貿店站,120.66457,24.177866
中油澎大加油站,119.599378,23.52916
中油芳苑加油站,120.327002,23.919769
台北捷運北投站(多站),121.499595,25.130398
HiLife 台中衛斯理店站,120.669807,24.112641
小北百貨新中華東店站,120.226857,22.978483
中油大安加油站,120.589024,24.343355
全家員林正新店站(多站),120.582342,23.96059
新北市二重國中停車場站(多站),121.480276,25.065205
麗車坊中壢店站,121.246297,24.968446
高雄市新興區六合一路站(多站),120.312288,22.632425
全聯新莊幸福店站,121.456257,25.0493
統一速邁樂龍潭加油站(多站),121.206674,24.861643
全家台中龍富店站(多站),120.626019,24.140802
中油灣裡加油站,120.18536,22.929566
安順里公有停車場站(多站),120.215353,23.051342
7-ELEVEN 高昌店站(多站),120.33045,22.74694
中油花蓮中山路加油站,121.594928,23.996139
Gogoro 楊梅騏轟服務中心站,121.173957,24.911172
全家仁德二仁店站(多站),120.224626,22.918108
新北市五股區工商路立體停車場B1F站(多站),121.439284,25.083542
山隆興隆加油站(多站),121.469163,25.044862
全聯大雅民生店站,120.668502,24.23649
中油江山加油站,120.405738,22.640169
家樂福仁德店站,120.24731,22.97242
7-ELEVEN 永盛店站(多站),120.575611,22.75642
新北市林口停二平面停車場站,121.389877,25.081806
中油鳳崎加油站,120.996191,24.865621
中油大義街加油站,120.28587,22.620741
享溫馨KTV 屏東店站(多站),120.489159,22.675552
國立屏東大學屏師校區站(多站),120.500215,22.668069
臺中市沙鹿區公所站(多站),120.566741,24.233082
全聯草屯中正店站,120.698571,23.978631
中油中交加油站,120.662745,24.070044
Gogoro 台南崇善門市站,120.229798,22.972841
Gogoro 龜山文化服務中心站,121.361303,25.05291
中油新富加油站,121.212979,24.927253
全家明興店站,121.562987,24.989997
臺鐵和平站,121.752619,24.297897
中油竹圍加油站,121.459062,25.133447
全聯花壇學前店站(多站),120.542274,24.026911
全聯雲林北港店站,120.298269,23.57747
台糖惠生加油站,120.19886,23.459837
7-ELEVEN 丰太店站,120.703672,24.111852
臺鐵羅東站後站(多站),121.775066,24.67848
中油造橋加油站,120.863199,24.638512
Gogoro 竹東東林門市站(多站),121.09225,24.73692
中油瑞國加油站,120.58268,24.24396
宏佳騰新店中正店站,121.533597,24.983071
北成路停車場站,120.207177,23.02034
中油內壢加油站(多站),121.254104,24.961897
中油玉泉村加油站,120.825397,24.511644
HiLife 新北板龍店站,121.443937,25.002229
全聯台中忠明店站,120.657454,24.13824
中油奕承加油站,120.958216,24.760483
中油南埔加油站,121.58964,23.964108
中油大寮加油站,120.394701,22.608997
旗山區公所站,120.483489,22.888653
三民區公所站,120.29966,22.647679
台亞桃園延平加油站,121.200933,24.937698
大潤發新竹湳雅店站(多站),120.970707,24.818186
宏佳騰和美德美店站(多站),120.501754,24.113091
新竹市東園市場停車場站(多站),120.983322,24.803488
中油台北西湖加油站,121.560054,25.085357
臺中市太平地政事務所廣場站(多站),120.725863,24.146595
桃園市蘆竹大新停車場站(多站),121.256855,25.024379
中油新港加油站,120.48578,24.15999
中油蓮因加油站,120.412435,23.355573
高雄市武廟停車場站(多站),120.332576,22.628812
中油伯爵加油站(多站),121.654706,25.069193
中油翔大加油站(多站),121.354151,25.000999
全聯安南北安店站(多站),120.202941,23.040646
北基金獅加油站(多站),120.322342,22.663045
全聯彰化竹塘店站,120.426085,23.858925
中油安平古堡加油站,120.167451,23.001937
日月光半導體站,120.300234,22.72306
中油加祿加油站,120.615705,22.334116
臺中市屯區藝文中心站(多站),120.736906,24.157005
家樂福中壢店站(多站),121.244553,24.947692
新北市新泰公園站(多站),121.444909,25.037717
7-ELEVEN 小腳腿店站,120.36573,23.285375
仁武區公所站,120.347982,22.701384
7-ELEVEN 新潭店站(多站),120.520133,22.679363
全聯北斗斗苑店站,120.519256,23.87245
全家鳳山埤頂店站,120.381323,22.628886
中油百達加油站,120.559577,22.608115
宏佳騰三重重陽店站(多站),121.493242,25.072277
臺鐵羅東站前站(多站),121.774077,24.677479
三重龍濱公園站,121.502129,25.072917
樹林彭厝市民活動中心站,121.422281,24.979906
全聯中正延平店站,121.507479,25.033729
中油慈湖加油站,121.285075,24.846615
Gogoro 宜蘭中山門市站(多站),121.752386,24.75407
中油水璉加油站,121.560567,23.7801
全家新店德順店站(多站),121.509105,24.960757
7-ELEVEN 虹諭店站,121.479227,25.07103
八百屋東港店站(多站),120.463261,22.462147
臺鐵花蓮富里車站,121.248547,23.178961
7-ELEVEN 金玉店站(多站),121.797801,24.463919
竹北市農會站,121.006304,24.838119
全聯大里仁化店站,120.702911,24.09624
山隆竹坑加油站(多站),120.543682,24.17613
新光三越高雄三多店站(多站),120.306999,22.614006
東興路公有停車場站,120.322947,23.315834
臺中市民龍停車場站(多站),120.670367,24.152578
7-ELEVEN 科工店站,120.148599,23.035178
中油翁子加油站,120.734656,24.259677
中油永錡中正加油站,121.419704,25.028314
7-ELEVEN 新墘店站,120.299482,23.082247
全家永康忠孝店站,120.239968,23.003924
新北市崑崙公園平面停車場站,121.429871,24.993779
全聯梧棲文昌店站(多站),120.537675,24.245264
宏佳騰楠梓益群店站,120.296814,22.725045
HiLife 中縣神岡店站,120.658966,24.27676
中油全宏加油站,121.485157,25.003661
中油石牌愛心加油站,121.508692,25.112564
全聯台南明興店站,120.187893,22.959676
中油溪州加油站,120.489188,23.851899
7-ELEVEN 精中店站,120.719651,24.115481
家樂福屏東店站,120.497996,22.683135
中油後壁加油站,120.359812,23.363341
新北市泰山國民運動中心站(多站),121.434712,25.056195
臺大二活停車場站(多站),121.536883,25.012169
全聯屏東萬巒店站,120.56775,22.575645
台南市圖書館總館旁機車停車場站(多站),120.237043,23.02545
中油信義路加油站,121.555179,25.032939
Gogoro 新豐學府門市站(多站),120.998144,24.873306
桃園市客家文化館站,121.234594,24.845566
HiLife 竹北竹文店站,121.011947,24.831976
中油國鈞加油站,120.359162,23.766333
中油千越凱旋加油站,120.318046,22.59705
全聯頭城青雲店站(多站),121.826534,24.859116
全聯梧棲中華店站,120.55935,24.257181
中油南科加油站,120.28698,23.096324
路竹區公所站,120.259242,22.854747
新北市永和仁愛公園站(永平路側)A,121.507517,25.012028
全聯台南六甲店站,120.349751,23.231043
家樂福虎尾店站,120.426901,23.705158
全聯彰化員林店站,120.582538,23.960835
7-ELEVEN 睿豐店站,121.056497,22.705859
7-ELEVEN 美美店站(多站),120.545566,24.071704
7-ELEVEN 仁興店站(多站),120.288254,22.973565
新竹市科學園路212巷停車場站(多站),121.010621,24.782455
全聯苗栗銅鑼店站,120.786704,24.489542
宏佳騰草屯太平店站(多站),120.681479,23.960153
台南東區環保局停車場站,120.23513,22.98413
7-ELEVEN 金沅店站(多站),121.230576,24.904865
民生配水池加壓站停車場站(多站),121.553756,25.059394
全家蘆竹五福店站,121.295053,25.057762
中油新華加油站,120.930749,24.68539
全聯永康富強店站,120.273212,23.015708
南投縣三和停車場站(多站),120.688307,23.905731
新北市貢寮市民活動中心站(多站),121.907565,25.020496
7-ELEVEN 宥昌店站,121.07611,24.77629
關廟區公所站,120.327447,22.963004
新北市中和四號公園站(多站),121.511351,24.999458
宏佳騰中和中山店站,121.504753,25.005133
南投縣竹山鎮公所站,120.671658,23.757204
全聯湖口中山店站,121.042836,24.897544
HiLife 神岡庄前店站(多站),120.656899,24.251219
臺鐵竹東車站(多站),121.09461,24.738096
中油二重加油站,121.467685,25.043787
臺中市陽明大樓第二平面停車場站(多站),120.721318,24.244693
台北捷運唭哩岸站(多站),121.507741,25.120405
UNIQLO 台中中清路店站(多站),120.657095,24.196456
新北市樹林國民運動中心站(多站),121.423412,25.004331
中油大湖加油站,120.252273,22.878271
全家茄萣白砂崙店站,120.185062,22.913222
7-ELEVEN 子龍店站,120.205858,23.175036
臺北市公有士東市場站(多站),121.529127,25.111989
中油安和加油站,120.216149,23.04143
Gogoro 永康服務中心站,120.254319,23.024739
Gogoro 羅東中正門市站,121.771681,24.676798
桃園市蘆竹國民運動中心站(多站),121.294341,25.051707
Gogoro 中和中正門市站(多站),121.49736,24.994016
全聯台南鹽水店站,120.271911,23.319948
全聯嘉義民雄大學店站(多站),120.43475,23.554821
Gogoro 大寮鳳林三門市站,120.396171,22.603877
中油藝術村加油站,120.775285,23.984414
全聯楊梅瑞溪店站(多站),121.181469,24.909425
臺北市立圖書館西湖分館站(多站),121.577564,25.078968
7-ELEVEN 埤頭店站,120.459439,23.892778
全聯鹿港長安店站(多站),120.443775,24.060984
新竹市果菜市場停車場站(多站),120.976065,24.814044
家樂福澄清店站(多站),120.34612,22.64416
台糖公館加油站,120.455933,23.443314
全聯屏東高樹店站,120.60034,22.82297
中油中石油加油站,120.81506,24.572555
中油馬拉加油站,120.685671,24.314937
松山工農地下停車場B1F站,121.572504,25.039046
全家高雄蓮潭店站(多站),120.296903,22.688298
中油美吉加油站,120.238665,23.017134
eReady 高雄鳳山店站(多站),120.349844,22.627555
臺北市老松國小站(多站),121.501731,25.037642
全聯蘆洲重陽店站(多站),121.481527,25.082619
PGO 淡水民權店站,121.459805,25.134545
全家台中樹仔腳店站(多站),120.646279,24.110554
中油員村二水加油站,120.60233,23.83432
山隆大肚加油站(多站),120.543345,24.159871
全聯大里國光店站(多站),120.682279,24.102065
7-ELEVEN 瓏馬店站,121.621776,25.076236
全聯學甲華宗店站,120.182747,23.23574
台糖國聖加油站,120.131898,23.102236
7-ELEVEN 埔民店站,121.309041,25.004041
全家大里金城店站,120.705363,24.087664
新北市和城路停車場站(多站),121.489554,24.993995
臺鐵瑞穗站,121.376826,23.497877
A7 體育大學站(多站),121.385644,25.041406
中油歐盟長興路加油站,121.29296,25.060691
亞旭車業店站,121.470535,25.033061
全聯五股新五店站(多站),121.445759,25.089104
中油安中路加油站,120.160542,23.053868
全聯湖內保生店站,120.219447,22.907039
臺北市青年公園站(多站),121.508046,25.02261
新北市三角湧平面停車場站,121.374946,24.932731
中油四湖東站加油站,120.225667,23.636278
高雄仁武台塑郵局站(多站),120.334607,22.705677
特力屋嘉義店站(多站),120.449216,23.500899
7-ELEVEN 彰泳店站(多站),120.542665,24.092229
中油金山加油站,121.633934,25.224647
Gogoro 中壢龍岡服務中心站,121.224031,24.949412
中油源大加油站,120.460583,22.498369
HiLife 北縣三埔店站,121.365811,24.909687
Gogoro 大雅學府門市站,120.650174,24.220238
7-ELEVEN 善良店站(多站),120.293923,23.127697
Gogoro 永和中正店站,121.51632,24.998068
中油龍形加油站,121.436047,25.156724
中油水里加油站,120.857986,23.808607
聯發科技園區站(多站),121.02058,24.771712
全家竹北宏福店站,121.015179,24.830587
全家新竹武東店站,120.965923,24.818238
臺北市玉成公園站(多站),121.584863,25.042082
桃園市延平停車場站,121.223164,24.95586
7-ELEVEN 北岡山店站,120.279912,22.811912
順發3C新竹經國店站,120.978499,24.81473
中油山東街加油站,120.311652,22.642603
宏佳騰新莊中正店站,121.45909,25.037916
愛買桃園店站(多站),121.285571,24.985573
Gogoro 鳳山中山西服務中心站,120.345336,22.628218
中油後勁加油站,120.30971,22.716274
中油宜蘭大埔加油站,121.717686,24.669671
內湖運動中心站(多站),121.575217,25.078288
小北百貨桃園萬壽店站,121.319927,24.99092
全家鳳山誠義店站,120.360328,22.608865
全家大雅文雅店站,120.641189,24.219207
臺中市太平區公所D棟站(多站),120.718563,24.126538
交通大學光復校區機車停車場H棚站(多站),120.994089,24.783814
Gogoro 新莊仁愛服務中心站,121.444273,25.036464
全家太平新興店站,120.728671,24.153059
全聯左營高鐵店站(多站),120.310396,22.685271
全聯岡山公園西店站(多站),120.284613,22.794421
全聯高雄美濃店站,120.542067,22.90218
新北市福隆火車站,121.943599,25.016479
中油大武加油站,120.89491,22.341633
全家台中仁美店站,120.6874,24.188588
7-ELEVEN 長業店站,121.249844,24.978817
中油主成加油站,121.048673,22.693361
HiLife 高市三山店站(多站),120.2827,22.71706
臺北市象山公園站(多站),121.569754,25.029699
順發3C大里店站(多站),120.690748,24.092062
中油亞柏新屋加油站,121.128949,24.971917
山隆萬大加油站,121.500736,25.027288
Gogoro 南屯五權西門市站,120.646169,24.139856
全家新竹金鵬店站,120.949157,24.805177
桃園市西門地下停車場站,121.304978,24.994424
全聯左營文康店站(多站),120.303466,22.672949
全家后里新中興店站(多站),120.726385,24.309226
新店三民公園站,121.537087,24.971068
高雄梓官郵局站(多站),120.268609,22.761094
臺鐵汐止車站(多站),121.663469,25.069713
全聯大肚中蔗店站(多站),120.57975,24.168706
中油佳冬加油站,120.544419,22.417489
新北市北新地下停車場站(多站),121.542615,24.968638
台灣高鐵台中站,120.616391,24.114075
全聯左營自由二店站(多站),120.307608,22.663846
HiLife 竹北鳳岡店站,121.001746,24.855245
全聯高雄正義店站(多站),120.340912,22.632873
中油聖森路加油站,120.312382,22.790347
國立臺北教育大學產學合作暨育成中心站(多站),121.51831,25.026315
統冠超市志學店站,121.534908,23.904564
中油竹東加油站,121.096776,24.722748
全家八德德富店站,121.278871,24.960508
